--
-- PostgreSQL database dump
--

\restrict IKCtTqNX3HGHanpZPwNbVOSj1jtfuYcE6Jx90Nv335cyglub1Bk70vpIoau2Wxb

-- Dumped from database version 16.11 (Ubuntu 16.11-0ubuntu0.24.04.1)
-- Dumped by pg_dump version 16.11 (Ubuntu 16.11-0ubuntu0.24.04.1)

SET statement_timeout = 0;
SET lock_timeout = 0;
SET idle_in_transaction_session_timeout = 0;
SET client_encoding = 'UTF8';
SET standard_conforming_strings = on;
SELECT pg_catalog.set_config('search_path', '', false);
SET check_function_bodies = false;
SET xmloption = content;
SET client_min_messages = warning;
SET row_security = off;

--
-- Name: public; Type: SCHEMA; Schema: -; Owner: rhuser
--

-- *not* creating schema, since initdb creates it


ALTER SCHEMA public OWNER TO rhuser;

SET default_tablespace = '';

SET default_table_access_method = heap;

--
-- Name: auth_group; Type: TABLE; Schema: public; Owner: rhuser
--

CREATE TABLE public.auth_group (
    id integer NOT NULL,
    name character varying(150) NOT NULL
);


ALTER TABLE public.auth_group OWNER TO rhuser;

--
-- Name: auth_group_id_seq; Type: SEQUENCE; Schema: public; Owner: rhuser
--

ALTER TABLE public.auth_group ALTER COLUMN id ADD GENERATED BY DEFAULT AS IDENTITY (
    SEQUENCE NAME public.auth_group_id_seq
    START WITH 1
    INCREMENT BY 1
    NO MINVALUE
    NO MAXVALUE
    CACHE 1
);


--
-- Name: auth_group_permissions; Type: TABLE; Schema: public; Owner: rhuser
--

CREATE TABLE public.auth_group_permissions (
    id bigint NOT NULL,
    group_id integer NOT NULL,
    permission_id integer NOT NULL
);


ALTER TABLE public.auth_group_permissions OWNER TO rhuser;

--
-- Name: auth_group_permissions_id_seq; Type: SEQUENCE; Schema: public; Owner: rhuser
--

ALTER TABLE public.auth_group_permissions ALTER COLUMN id ADD GENERATED BY DEFAULT AS IDENTITY (
    SEQUENCE NAME public.auth_group_permissions_id_seq
    START WITH 1
    INCREMENT BY 1
    NO MINVALUE
    NO MAXVALUE
    CACHE 1
);


--
-- Name: auth_permission; Type: TABLE; Schema: public; Owner: rhuser
--

CREATE TABLE public.auth_permission (
    id integer NOT NULL,
    name character varying(255) NOT NULL,
    content_type_id integer NOT NULL,
    codename character varying(100) NOT NULL
);


ALTER TABLE public.auth_permission OWNER TO rhuser;

--
-- Name: auth_permission_id_seq; Type: SEQUENCE; Schema: public; Owner: rhuser
--

ALTER TABLE public.auth_permission ALTER COLUMN id ADD GENERATED BY DEFAULT AS IDENTITY (
    SEQUENCE NAME public.auth_permission_id_seq
    START WITH 1
    INCREMENT BY 1
    NO MINVALUE
    NO MAXVALUE
    CACHE 1
);


--
-- Name: auth_user; Type: TABLE; Schema: public; Owner: rhuser
--

CREATE TABLE public.auth_user (
    id integer NOT NULL,
    password character varying(128) NOT NULL,
    last_login timestamp with time zone,
    is_superuser boolean NOT NULL,
    username character varying(150) NOT NULL,
    first_name character varying(150) NOT NULL,
    last_name character varying(150) NOT NULL,
    email character varying(254) NOT NULL,
    is_staff boolean NOT NULL,
    is_active boolean NOT NULL,
    date_joined timestamp with time zone NOT NULL
);


ALTER TABLE public.auth_user OWNER TO rhuser;

--
-- Name: auth_user_groups; Type: TABLE; Schema: public; Owner: rhuser
--

CREATE TABLE public.auth_user_groups (
    id bigint NOT NULL,
    user_id integer NOT NULL,
    group_id integer NOT NULL
);


ALTER TABLE public.auth_user_groups OWNER TO rhuser;

--
-- Name: auth_user_groups_id_seq; Type: SEQUENCE; Schema: public; Owner: rhuser
--

ALTER TABLE public.auth_user_groups ALTER COLUMN id ADD GENERATED BY DEFAULT AS IDENTITY (
    SEQUENCE NAME public.auth_user_groups_id_seq
    START WITH 1
    INCREMENT BY 1
    NO MINVALUE
    NO MAXVALUE
    CACHE 1
);


--
-- Name: auth_user_id_seq; Type: SEQUENCE; Schema: public; Owner: rhuser
--

ALTER TABLE public.auth_user ALTER COLUMN id ADD GENERATED BY DEFAULT AS IDENTITY (
    SEQUENCE NAME public.auth_user_id_seq
    START WITH 1
    INCREMENT BY 1
    NO MINVALUE
    NO MAXVALUE
    CACHE 1
);


--
-- Name: auth_user_user_permissions; Type: TABLE; Schema: public; Owner: rhuser
--

CREATE TABLE public.auth_user_user_permissions (
    id bigint NOT NULL,
    user_id integer NOT NULL,
    permission_id integer NOT NULL
);


ALTER TABLE public.auth_user_user_permissions OWNER TO rhuser;

--
-- Name: auth_user_user_permissions_id_seq; Type: SEQUENCE; Schema: public; Owner: rhuser
--

ALTER TABLE public.auth_user_user_permissions ALTER COLUMN id ADD GENERATED BY DEFAULT AS IDENTITY (
    SEQUENCE NAME public.auth_user_user_permissions_id_seq
    START WITH 1
    INCREMENT BY 1
    NO MINVALUE
    NO MAXVALUE
    CACHE 1
);


--
-- Name: core_rh_cargo; Type: TABLE; Schema: public; Owner: rhuser
--

CREATE TABLE public.core_rh_cargo (
    id bigint NOT NULL,
    titulo character varying(100) NOT NULL,
    created_at timestamp with time zone NOT NULL
);


ALTER TABLE public.core_rh_cargo OWNER TO rhuser;

--
-- Name: core_rh_cargo_id_seq; Type: SEQUENCE; Schema: public; Owner: rhuser
--

ALTER TABLE public.core_rh_cargo ALTER COLUMN id ADD GENERATED BY DEFAULT AS IDENTITY (
    SEQUENCE NAME public.core_rh_cargo_id_seq
    START WITH 1
    INCREMENT BY 1
    NO MINVALUE
    NO MAXVALUE
    CACHE 1
);


--
-- Name: core_rh_equipe; Type: TABLE; Schema: public; Owner: rhuser
--

CREATE TABLE public.core_rh_equipe (
    id bigint NOT NULL,
    nome character varying(50) NOT NULL,
    local_trabalho character varying(100) NOT NULL
);


ALTER TABLE public.core_rh_equipe OWNER TO rhuser;

--
-- Name: core_rh_equipe_gestores; Type: TABLE; Schema: public; Owner: rhuser
--

CREATE TABLE public.core_rh_equipe_gestores (
    id bigint NOT NULL,
    equipe_id bigint NOT NULL,
    funcionario_id bigint NOT NULL
);


ALTER TABLE public.core_rh_equipe_gestores OWNER TO rhuser;

--
-- Name: core_rh_equipe_gestores_id_seq; Type: SEQUENCE; Schema: public; Owner: rhuser
--

ALTER TABLE public.core_rh_equipe_gestores ALTER COLUMN id ADD GENERATED BY DEFAULT AS IDENTITY (
    SEQUENCE NAME public.core_rh_equipe_gestores_id_seq
    START WITH 1
    INCREMENT BY 1
    NO MINVALUE
    NO MAXVALUE
    CACHE 1
);


--
-- Name: core_rh_equipe_id_seq; Type: SEQUENCE; Schema: public; Owner: rhuser
--

ALTER TABLE public.core_rh_equipe ALTER COLUMN id ADD GENERATED BY DEFAULT AS IDENTITY (
    SEQUENCE NAME public.core_rh_equipe_id_seq
    START WITH 1
    INCREMENT BY 1
    NO MINVALUE
    NO MAXVALUE
    CACHE 1
);


--
-- Name: core_rh_funcionario; Type: TABLE; Schema: public; Owner: rhuser
--

CREATE TABLE public.core_rh_funcionario (
    id bigint NOT NULL,
    nome_completo character varying(100) NOT NULL,
    email character varying(254) NOT NULL,
    cpf character varying(14) NOT NULL,
    data_admissao date NOT NULL,
    jornada_entrada time without time zone NOT NULL,
    jornada_saida time without time zone NOT NULL,
    cargo_id bigint NOT NULL,
    equipe_id bigint,
    usuario_id integer NOT NULL,
    intervalo_padrao character varying(50) NOT NULL,
    numero_contrato character varying(20),
    bairro character varying(100),
    cep character varying(9),
    cidade character varying(100),
    endereco character varying(255),
    estado character varying(2),
    local_trabalho_estado character varying(100),
    primeiro_acesso boolean NOT NULL
);


ALTER TABLE public.core_rh_funcionario OWNER TO rhuser;

--
-- Name: core_rh_funcionario_id_seq; Type: SEQUENCE; Schema: public; Owner: rhuser
--

ALTER TABLE public.core_rh_funcionario ALTER COLUMN id ADD GENERATED BY DEFAULT AS IDENTITY (
    SEQUENCE NAME public.core_rh_funcionario_id_seq
    START WITH 1
    INCREMENT BY 1
    NO MINVALUE
    NO MAXVALUE
    CACHE 1
);


--
-- Name: core_rh_funcionario_outras_equipes; Type: TABLE; Schema: public; Owner: rhuser
--

CREATE TABLE public.core_rh_funcionario_outras_equipes (
    id bigint NOT NULL,
    funcionario_id bigint NOT NULL,
    equipe_id bigint NOT NULL
);


ALTER TABLE public.core_rh_funcionario_outras_equipes OWNER TO rhuser;

--
-- Name: core_rh_funcionario_outras_equipes_id_seq; Type: SEQUENCE; Schema: public; Owner: rhuser
--

ALTER TABLE public.core_rh_funcionario_outras_equipes ALTER COLUMN id ADD GENERATED BY DEFAULT AS IDENTITY (
    SEQUENCE NAME public.core_rh_funcionario_outras_equipes_id_seq
    START WITH 1
    INCREMENT BY 1
    NO MINVALUE
    NO MAXVALUE
    CACHE 1
);


--
-- Name: core_rh_registroponto; Type: TABLE; Schema: public; Owner: rhuser
--

CREATE TABLE public.core_rh_registroponto (
    id bigint NOT NULL,
    data date NOT NULL,
    observacao character varying(100),
    arquivo_anexo character varying(100),
    assinado_funcionario boolean NOT NULL,
    assinado_gestor boolean NOT NULL,
    funcionario_id bigint NOT NULL,
    entrada_manha time without time zone,
    extra_entrada time without time zone,
    extra_saida time without time zone,
    saida_almoco time without time zone,
    saida_tarde time without time zone,
    volta_almoco time without time zone
);


ALTER TABLE public.core_rh_registroponto OWNER TO rhuser;

--
-- Name: core_rh_registroponto_id_seq; Type: SEQUENCE; Schema: public; Owner: rhuser
--

ALTER TABLE public.core_rh_registroponto ALTER COLUMN id ADD GENERATED BY DEFAULT AS IDENTITY (
    SEQUENCE NAME public.core_rh_registroponto_id_seq
    START WITH 1
    INCREMENT BY 1
    NO MINVALUE
    NO MAXVALUE
    CACHE 1
);


--
-- Name: django_admin_log; Type: TABLE; Schema: public; Owner: rhuser
--

CREATE TABLE public.django_admin_log (
    id integer NOT NULL,
    action_time timestamp with time zone NOT NULL,
    object_id text,
    object_repr character varying(200) NOT NULL,
    action_flag smallint NOT NULL,
    change_message text NOT NULL,
    content_type_id integer,
    user_id integer NOT NULL,
    CONSTRAINT django_admin_log_action_flag_check CHECK ((action_flag >= 0))
);


ALTER TABLE public.django_admin_log OWNER TO rhuser;

--
-- Name: django_admin_log_id_seq; Type: SEQUENCE; Schema: public; Owner: rhuser
--

ALTER TABLE public.django_admin_log ALTER COLUMN id ADD GENERATED BY DEFAULT AS IDENTITY (
    SEQUENCE NAME public.django_admin_log_id_seq
    START WITH 1
    INCREMENT BY 1
    NO MINVALUE
    NO MAXVALUE
    CACHE 1
);


--
-- Name: django_content_type; Type: TABLE; Schema: public; Owner: rhuser
--

CREATE TABLE public.django_content_type (
    id integer NOT NULL,
    app_label character varying(100) NOT NULL,
    model character varying(100) NOT NULL
);


ALTER TABLE public.django_content_type OWNER TO rhuser;

--
-- Name: django_content_type_id_seq; Type: SEQUENCE; Schema: public; Owner: rhuser
--

ALTER TABLE public.django_content_type ALTER COLUMN id ADD GENERATED BY DEFAULT AS IDENTITY (
    SEQUENCE NAME public.django_content_type_id_seq
    START WITH 1
    INCREMENT BY 1
    NO MINVALUE
    NO MAXVALUE
    CACHE 1
);


--
-- Name: django_migrations; Type: TABLE; Schema: public; Owner: rhuser
--

CREATE TABLE public.django_migrations (
    id bigint NOT NULL,
    app character varying(255) NOT NULL,
    name character varying(255) NOT NULL,
    applied timestamp with time zone NOT NULL
);


ALTER TABLE public.django_migrations OWNER TO rhuser;

--
-- Name: django_migrations_id_seq; Type: SEQUENCE; Schema: public; Owner: rhuser
--

ALTER TABLE public.django_migrations ALTER COLUMN id ADD GENERATED BY DEFAULT AS IDENTITY (
    SEQUENCE NAME public.django_migrations_id_seq
    START WITH 1
    INCREMENT BY 1
    NO MINVALUE
    NO MAXVALUE
    CACHE 1
);


--
-- Name: django_session; Type: TABLE; Schema: public; Owner: rhuser
--

CREATE TABLE public.django_session (
    session_key character varying(40) NOT NULL,
    session_data text NOT NULL,
    expire_date timestamp with time zone NOT NULL
);


ALTER TABLE public.django_session OWNER TO rhuser;

--
-- Data for Name: auth_group; Type: TABLE DATA; Schema: public; Owner: rhuser
--

COPY public.auth_group (id, name) FROM stdin;
1	Gestores RH
\.


--
-- Data for Name: auth_group_permissions; Type: TABLE DATA; Schema: public; Owner: rhuser
--

COPY public.auth_group_permissions (id, group_id, permission_id) FROM stdin;
1	1	13
2	1	14
3	1	15
4	1	16
5	1	25
6	1	26
7	1	27
8	1	28
9	1	29
10	1	30
11	1	31
12	1	32
13	1	33
14	1	34
15	1	35
16	1	36
17	1	37
18	1	38
19	1	39
20	1	40
\.


--
-- Data for Name: auth_permission; Type: TABLE DATA; Schema: public; Owner: rhuser
--

COPY public.auth_permission (id, name, content_type_id, codename) FROM stdin;
1	Can add log entry	1	add_logentry
2	Can change log entry	1	change_logentry
3	Can delete log entry	1	delete_logentry
4	Can view log entry	1	view_logentry
5	Can add permission	3	add_permission
6	Can change permission	3	change_permission
7	Can delete permission	3	delete_permission
8	Can view permission	3	view_permission
9	Can add group	2	add_group
10	Can change group	2	change_group
11	Can delete group	2	delete_group
12	Can view group	2	view_group
13	Can add user	4	add_user
14	Can change user	4	change_user
15	Can delete user	4	delete_user
16	Can view user	4	view_user
17	Can add content type	5	add_contenttype
18	Can change content type	5	change_contenttype
19	Can delete content type	5	delete_contenttype
20	Can view content type	5	view_contenttype
21	Can add session	6	add_session
22	Can change session	6	change_session
23	Can delete session	6	delete_session
24	Can view session	6	view_session
25	Can add Cargo	7	add_cargo
26	Can change Cargo	7	change_cargo
27	Can delete Cargo	7	delete_cargo
28	Can view Cargo	7	view_cargo
29	Can add Equipe	8	add_equipe
30	Can change Equipe	8	change_equipe
31	Can delete Equipe	8	delete_equipe
32	Can view Equipe	8	view_equipe
33	Can add Funcionário	9	add_funcionario
34	Can change Funcionário	9	change_funcionario
35	Can delete Funcionário	9	delete_funcionario
36	Can view Funcionário	9	view_funcionario
37	Can add Registro de Ponto	10	add_registroponto
38	Can change Registro de Ponto	10	change_registroponto
39	Can delete Registro de Ponto	10	delete_registroponto
40	Can view Registro de Ponto	10	view_registroponto
\.


--
-- Data for Name: auth_user; Type: TABLE DATA; Schema: public; Owner: rhuser
--

COPY public.auth_user (id, password, last_login, is_superuser, username, first_name, last_name, email, is_staff, is_active, date_joined) FROM stdin;
1	pbkdf2_sha256$1200000$IzqsGkWV3dduQ1izjjiNJ2$TIptK0kr3hHOb1979ig/gSxaBd66Op6uWjc19QLZ6Lc=	\N	t	Admin			dividata@gmail.com	t	t	2025-12-11 17:41:11.395289+00
36	pbkdf2_sha256$1200000$1lBixmNxO4pbCpwUZay0Tv$ZLkaFpGV6p3gjuNTNCXw6V8b8qtQj0NKIJ4nTuakNKw=	2025-12-15 15:00:56.919078+00	f	04548032142	João	Paulo Sampaio Almeida	joaostylo@gmail.com	f	t	2025-12-11 20:26:54.557666+00
18	pbkdf2_sha256$1200000$lrBcUa4Ho5jBQybwsBAwVE$fWxSpZj/x9rECnIW9OfXBZdKRGjgA54h0ar8NiU/spQ=	2025-12-12 17:38:44.663388+00	f	72344326120	Danilo	Venturini Gonçalves Sousa Santos	danilo.dividata@gmail.com	f	t	2025-12-11 20:26:39.490071+00
9	pbkdf2_sha256$1200000$rf9WgsfFAv7eYSScfWuno3$yBgMkckF96hmWV01nDXVINhqEotgR2e6SlTw2nrf9ME=	2025-12-12 19:45:53.716158+00	f	93819048120	Randerson	Da Silva Cardoso	rscex@hotmail.com	f	t	2025-12-11 20:26:32.01152+00
21	pbkdf2_sha256$1200000$YKa5mj14SAc3Lp8IRSZHti$j7otkP53jv9otfs/GQwrRj6Pdutg00E56vEdAWmEJc0=	2025-12-12 15:37:35.553305+00	f	03695315156	Jhekson	Elias Martins	eliasmartins432@gmail.com	f	t	2025-12-11 20:26:41.991063+00
5	pbkdf2_sha256$1200000$Jw2248CA9HoWxQICYpnYQY$JNWTiyUBD+ScRTIx8VelYrsHUGLzpxNwr+RBIlMIerc=	2025-12-12 12:40:19.52842+00	f	70057508100	Antônio	José Costa Ferreira	ajcosta.ferreira@outlook.com	f	t	2025-12-11 20:26:28.675009+00
14	pbkdf2_sha256$1200000$fYJNCgzPu4207U4hXZyNNC$MlQ1a5tIbK+YAndEBCHaAsS94qIeuehNTZIzLCypz+g=	2025-12-15 14:51:45.223654+00	f	41736230115	Everaldo	De Jesus Dos Santos	brasil.df2@gmail.com	f	t	2025-12-11 20:26:36.178269+00
20	pbkdf2_sha256$1200000$OXepmWTy904kqBoO6nz7lL$XRLnT+Y1jMlfo5wnSk9JXdcds+Ey19wGkCXu7cEcAW8=	\N	f	00840021232	Deborah	Lima De Araujo	deborahlima@dividata.com.br	t	t	2025-12-11 20:26:41.157504+00
2	pbkdf2_sha256$1200000$lerlL3gZurxZnAktbgyxzf$ismGta4NZA9ftRbZilGFV60q8f+nNYM99Ni0cACnHFY=	2025-12-15 15:02:05.851656+00	t	adm			dividata@gmail.com	t	t	2025-12-11 18:19:57.189828+00
6	pbkdf2_sha256$1200000$40CXDlmjZUXBOiDQHTSzwt$HvJgcpWfNRa45DctN70/tj7TK0hd0+CiUEa5q/ENIoQ=	\N	f	70927154153	Edinaldo	Lima Ferreira	edinaldolimaferreira@gmail.com	f	t	2025-12-11 20:26:29.514355+00
35	pbkdf2_sha256$1200000$olsNnenTrQb6UBfrD9uvTh$jLvNBAmFMRH5JFi5xbc7YOykMCfSyiX62HQ4HkZU2yU=	2025-12-12 13:20:50.786548+00	f	05973059197	Joabe	Moreira De Melo	joabe_melo@outlook.com	f	t	2025-12-11 20:26:53.721692+00
8	pbkdf2_sha256$1200000$jt8ttjszB5CKrToRYc9Msa$M5E4tkyaNcpAu86+UyOGEMAAnMQ+1D9WGbeBx+SAPMw=	2025-12-15 15:43:24.069695+00	f	92279538172	Carlos	Eduardo Vasconcelos Oliveira	heddu_1980@yahoo.com.br	f	t	2025-12-11 20:26:31.181443+00
4	pbkdf2_sha256$1200000$wfzC48d0YgfWytWuNpfUaI$hJZk6xwONnH55WaIuA3viQHMroakQr2+VWLo6kv9lXc=	2025-12-15 17:01:56.006099+00	f	85838586168	Alessandro	Antônio Vieira	alessandro0581@hotmail.com	f	t	2025-12-11 19:31:35.462343+00
37	pbkdf2_sha256$1200000$8xhJSNWxbMeyPzAhkERPMk$Nev3yEZPwyCU8fv56suRl75dQ/0T2rOmiRVllY1OPEs=	2025-12-12 14:39:43.887488+00	f	69606536149	Josenilson	Gomes Dos Santos	josenilson.gomes@gmail.com	f	t	2025-12-11 20:26:55.390253+00
11	pbkdf2_sha256$1200000$yAfJNaroohq1E18cFTPhn6$QdWu9i5iWdEqoQRyVSWlIXfBqZSZt9LdrT/z3jBYYj4=	\N	f	64632318191	Alysson	Lucio Cavalcante Souza	alyssonlucio@gmail.com	f	t	2025-12-11 20:26:33.683491+00
10	pbkdf2_sha256$1200000$LLeIHIETtR7PmtQ7Z9KSJ4$s1CRQODIXEBH7vnSB70U1bK3z0RSnEblQqXCgOaGn3c=	2025-12-15 12:06:32.89627+00	f	40057682100	Antônio	Marcos De Araújo	07.2024@gmail.com	f	t	2025-12-11 20:26:32.84864+00
25	pbkdf2_sha256$1200000$ILUh5u794YAaKHq2ukrvhf$52Y08NNS6HtEAinamtDrm0/J0aXQk1ydhk9V0gdd7ig=	2025-12-15 18:08:50.871885+00	f	10259461709	Gleydmar	Segismundo	gleydmar81@gmail.com	f	t	2025-12-11 20:26:45.316678+00
16	pbkdf2_sha256$1200000$xXM7IC4RYttSpoqhKXhaQl$8Eq+RXl/nUQf26/QZs0fYMDFvc3in0qdZq6uKQ6h/Xg=	2025-12-13 21:53:18.118094+00	f	00700170189	Carlos	Eduardo Pereira Nogueira De Sá	caduep@gmail.com	f	t	2025-12-11 20:26:37.834083+00
15	pbkdf2_sha256$1200000$aYDfUTL1TQB3OIKmJQLhL3$BAeXFWW0BsFX2gu46X7nz1cfzK9rLUWrmNvt/XRKExA=	\N	f	06179235317	Raimunda	Miria De Santana Ricarddo	brasilia@dividata.com.br	t	t	2025-12-11 20:26:37.003689+00
34	pbkdf2_sha256$1200000$sKlFld4ceZgqx2pcOTAhQw$VAqA8+3lpOn2EXTvXjztc3MCsGDrnXxeDamZeCH8Xlw=	2025-12-15 11:46:30.770361+00	f	00863539181	José	Charles Ribeiro Da Rocha Valente	jcr.rvalente@outlook.com	f	t	2025-12-11 20:26:52.885888+00
31	pbkdf2_sha256$1200000$nTyp9UpjtXqqm3vxWxaEhK$7F+q+C4BQ9yuxqGdLwnLzwBrqHkICVWTFHvUfhynx8c=	2025-12-15 12:10:52.428127+00	f	07403613171	Maurício	Gustavo Oliveira Nobre	gust102016@gmail.com	f	t	2025-12-11 20:26:50.385306+00
22	pbkdf2_sha256$1200000$3sIxAlDd6psg57tO2WTRmn$V86Qauqa25hayMoAe9cGxwd3h9BLYtlVWrH9YFcJfSA=	2025-12-12 14:37:13.971773+00	f	04739832143	Filipe	Alves Dos Santos	filipelvs23@gmail.com	f	t	2025-12-11 20:26:42.823227+00
24	pbkdf2_sha256$1200000$g14KmoRGiImTlJuqysqUmG$OIi1JVsQNzwiaG6cn44CzuRAqR9SOHwEkKeCuhES6yc=	\N	f	03666894100	Gilvan	França Ribeiro Da Silva	gilvanfranca402@hotmail.com	f	t	2025-12-11 20:26:44.487077+00
29	pbkdf2_sha256$1200000$1N1JTtfhkGpjhqvvRuCieA$tB28V6OOIW/P/EMD/OTpoUZDD5z5S7Yi+JGk+EG+REA=	2025-12-12 17:37:35.798064+00	f	01464323127	Hemo	Gustavo Xavier Da Silva Araújo	guatavo9@gmail.com	f	t	2025-12-11 20:26:48.70773+00
13	pbkdf2_sha256$1200000$jHywyU84LDyJe5Lx61H3rq$B1GmZGEFCmXMUuR5UwjuJULLHytwMTLRSrcGS7aZi+4=	2025-12-15 17:31:00.419546+00	f	72567279172	Ary	Campista Neto	ary.campists@gmail.com	f	t	2025-12-11 20:26:35.349569+00
27	pbkdf2_sha256$1200000$ymRyBfgsMhmgqkdUDtu5df$Dz9jteXuiZpV+50GZ0jBmrExtutBZdR51z9BgHOkl7s=	\N	f	46060502091	Gomercindo	Barcelos	gomes.barcelos@gmail.com	f	t	2025-12-11 20:26:47.001238+00
28	pbkdf2_sha256$1200000$FYmBjHQG3OzVycOKwoJNHl$vT6BxlEmXZ2fgQrX8wSzteiQbbGuUzJxf2bSo4jYuL4=	\N	f	00000844179	Gleiton	De Sousa Santos	gsantosbsb@gmail.com	f	t	2025-12-11 20:26:47.836851+00
30	pbkdf2_sha256$1200000$mGQc8S4lJmPqIQymPMHc1A$mnDktKz779QkgEplxN5nHBRMjvoh3m/35Bl4cTOq0nU=	\N	f	05513169185	Guime	Pereira Dos Santos	Guimebr@hotmail.com	f	t	2025-12-11 20:26:49.555661+00
26	pbkdf2_sha256$1200000$nCIOrWqZqHPEhC4ema5vd1$ogC3GJhyyMzmXbmTADwlaZHXH9HjLt+Dei4Ntygzcmc=	2025-12-15 13:55:34.57921+00	f	88854841153	Gloria	Elaine Garcete Gomes	glorinha28elaine@gmail.com	f	t	2025-12-11 20:26:46.159995+00
7	pbkdf2_sha256$1200000$lQf5kyGeXABE6hBqQZJckN$7P3aoMcroPMA1rIGF+010uwf/tW92MRXxOv7m93negU=	2025-12-15 12:46:35.137596+00	f	03212622121	Hagamenon	Nunes Da Costa	haganunes@hotmail.com	f	t	2025-12-11 20:26:30.350295+00
33	pbkdf2_sha256$1200000$PkYBDu2rfAD8aSb3wHk56l$SADf4xVDnngMNtpS7AE1TKduvD6LvCSmGr8IJfHMAhM=	\N	f	84409142100	Ian	Oliveira Bebiano	ian.bebiano@gmail.com	f	t	2025-12-11 20:26:52.05145+00
32	pbkdf2_sha256$1200000$uf4cOb1HrAcupdqRNktxcm$2cBJiQGkETIchSw3fVXKsp1zwTePQphGv3GBiHPPMa4=	2025-12-12 19:06:39.830534+00	f	02464132128	Bruno	Rocha Dos Santos	hmbruno.rsantos@gmail.com	f	t	2025-12-11 20:26:51.216541+00
17	pbkdf2_sha256$1200000$Ov2etzksPvjRh9AtQOm7NZ$1GCNfW+ODqt/OMVf38aYXmf4NLPthgJuSK3Jovc9PqU=	2025-12-12 14:45:28.364961+00	f	95010408104	Cleiton	De Jesus Silva	clejesus@gmail.com	f	t	2025-12-11 20:26:38.661711+00
12	pbkdf2_sha256$1200000$aL0yrCPuqTvu7sxK6m8gbE$1MZolhOtyw8SwHzO814mhqoN3CixJ5bp1+t+GfthVnw=	2025-12-15 12:06:13.517665+00	f	90045777187	Andréia	Pereira Dos Santos	andreiaps905@gmail.com	f	t	2025-12-11 20:26:34.52041+00
19	pbkdf2_sha256$1200000$VKFDvXp0OTjU4iLVmACJHW$MzbxQ7T+FuiyewMIFBNrR2jdXTduTHJh5cvfvvQvC/M=	\N	f	02996028180	Daiane	De Souza Oliveira Ribeiro	dayoliveira335@gmail.com	t	t	2025-12-11 20:26:40.319839+00
72	pbkdf2_sha256$1200000$3QWScTyQqaXpiaPAikewNn$N24G8D80BCD0wVp7b5gQp8LlN2xvMxeZ2Fn4Yv8MF4A=	2025-12-15 18:12:24.885227+00	f	60170190153	Eron	Targino Da Silva	Eron.df@gmail.com	f	t	2025-12-11 20:27:24.588653+00
39	pbkdf2_sha256$1200000$Resw7E2U9hTKQTekYVdAfl$0aN0KtFWdCzAraSavYyOFbcmPfHl5BIKB0zdL/TI0eE=	2025-12-12 14:40:54.845413+00	f	03704407143	Francisco	Pedro Oliveira Júnior	juninho_010@hotmail.com	f	t	2025-12-11 20:26:57.053441+00
49	pbkdf2_sha256$1200000$34MOPTH8WUCBP0ZZiJyN1L$X48xG3ZHl8fLzNbz+TTM6JIHUHEjaSSqIvulpWU9ngo=	2025-12-15 12:00:26.861505+00	f	03986738100	Marina	Nunes Da Cunha	marina270792@gmail.com	f	t	2025-12-11 20:27:05.410412+00
41	pbkdf2_sha256$1200000$BSmQgQe18x3qd6asagCHw7$Ed/pkZJSvo9bhF0vbOEZQRIlezBpRm6nbwGMcZhHPH4=	2025-12-12 14:38:04.47163+00	f	06764974110	Leilane	Mendes De Freitas Oliveira	lanemfo01@gmail.com	f	t	2025-12-11 20:26:58.727098+00
56	pbkdf2_sha256$1200000$m6kUYBwc9vvWeuFbpSc1Hh$R6AQdi7vRtbzDIBtdlwLU3btp1SBuMdREbVVqDh+5dE=	2025-12-12 15:04:30.38383+00	f	06743093165	Pedro	Henrique Sena Gonçalves	pedrosenabsb@gmail.com	f	t	2025-12-11 20:27:11.233095+00
45	pbkdf2_sha256$1200000$Ily7mUgyThIlx67lTDIWg7$8ZRgEhsieIJqi4dGyU5Y0PXB02q4pTi531gZVsSzxDk=	\N	f	06812091197	Lucas	Antonio Alves Das Santos	lucas.antonio.alves@icloud.com	f	t	2025-12-11 20:27:02.088722+00
46	pbkdf2_sha256$1200000$jZabgYTXXeXcaEXiziE6K7$uoaBZJa9evJdxBQQ4oy4JPnii+RO8Wo3UdrDkUzRtt0=	\N	f	02984311140	Luis	Augusto Souza De Almeida	luis.ibe202@gmail.com	f	t	2025-12-11 20:27:02.916877+00
58	pbkdf2_sha256$1200000$IuPQveNsTSPgEZ2BHCvUbs$HSOEXCONnEzAsCo81cbVtngrgNSLG9AWSRcWgkcNQIA=	2025-12-12 14:38:36.714013+00	f	73560006104	Rademis	Cosme Cabral Da Silva	rademiscs@hotmail.com	f	t	2025-12-11 20:27:12.954989+00
44	pbkdf2_sha256$1200000$ZRVPAG4i2vYkd6cL8dGPz9$uHPAVWzR8HPFU1CQmcpWnZrpz5vK/uCz9kqM33M7Aiw=	2025-12-12 14:37:11.581504+00	f	01911354370	Maria	Elanir De Lima	limalia1986@gmail.com	f	t	2025-12-11 20:27:01.246843+00
57	pbkdf2_sha256$1200000$3wSe1yTzC0c3dkfc57cM7d$ccEKlp8I7Rz5lLmF3P3xcUZ6fHn5Ul5bc9nBVSii4ik=	2025-12-15 12:09:34.545776+00	f	05159489185	Philipe	Brito Costa	phiflamengo2013@gmail.com	f	t	2025-12-11 20:27:12.067718+00
51	pbkdf2_sha256$1200000$1zPlGefRpSCWIXpe42QJav$ENCmDcOkCOO/vLCeAxzdGhMaCVSSRpM52TFuEcfRgwI=	2025-12-15 12:21:03.374748+00	f	00999626167	Murilo	Vinicius Mesquita Dos Reis	murilovmreis@gmail.com	f	t	2025-12-11 20:27:07.069223+00
52	pbkdf2_sha256$1200000$bZ5GM9eAT7OLjwaIbSahzU$kjpyuZ0e3AfxiPOqwmhvi6+amMHqwe1AGp6pHdz2cLg=	2025-12-15 14:54:05.085123+00	f	06690503186	Naiara	Gomes Da Silva	nairaggss14@gmail.com	f	t	2025-12-11 20:27:07.897909+00
63	pbkdf2_sha256$1200000$xM30z89DHYkopmbyYwnBYX$voxNzrFL2OIifSYWg+2VbHOFPAZ47+OKOiPnWg39oKk=	2025-12-12 20:21:07.684949+00	f	00788506145	Rubiney	Marques	rubineymarques@hotmail.com	f	t	2025-12-11 20:27:17.111258+00
74	pbkdf2_sha256$1200000$VZkGYSNLGk9DP2E3qjVmIe$6/7fO00AhqEXX+IiZylf09BxtgBCjFoelwe7DXEl2as=	2025-12-15 18:16:58.043055+00	f	04103489103	Pedro	Henrique Brito Pereira	pedrovsk13@gmail.com	f	t	2025-12-11 20:27:26.275712+00
65	pbkdf2_sha256$1200000$5h8V4YEhqs4unEgYBmGb7M$28VhayT+DT0nFEPkOYS4DKpT6wguWSLljiRfJkHyiiE=	2025-12-15 12:14:10.448045+00	f	06785834120	Thayla	Lorranny Da Silva Pereira	thaylalorranny003@gmail.com	f	t	2025-12-11 20:27:18.772087+00
55	pbkdf2_sha256$1200000$N9FpOAIz0Ozo2ecwq88XHY$zVWHZswCqbusSsZYJGOYxRCm3s6aFqs0jQjcK80FBRI=	2025-12-12 16:02:01.798713+00	f	00684274175	Paulo	Fernando Vieira Rogerio	paulo_fvr@hotmail.com	f	t	2025-12-11 20:27:10.400002+00
54	pbkdf2_sha256$1200000$V02hzhqAjZFgpU5kqrFAKI$7Lgrrr7cpKCN/Y3iGnV3bHwrdem/PfAOUFy6pzBLF7M=	2025-12-15 12:15:22.270286+00	f	63554585149	Paulo	André José Ferreira	paulo.df.net@gmail.com	f	t	2025-12-11 20:27:09.567864+00
47	pbkdf2_sha256$1200000$8NocZkItiLDtJupbUVVttC$7MsJ+0y/nO6udqLOxyPVnGiHpDK/w+zq6imG2dA6nrE=	2025-12-12 14:40:24.474882+00	f	05538023133	Lucas	Massayoshi Da Cruz Taira	lukas_tayra@hotmail.com	f	t	2025-12-11 20:27:03.750195+00
53	pbkdf2_sha256$1200000$ffLatFUtiIRaYArilxpmOQ$/RYFhjgubZeYf9NyzvQvAz4swu4/w7pqZygaPMlpOqw=	2025-12-15 18:17:40.77804+00	f	00233571183	Osvaldo	Félix De Oliveira	osvaldo_152@hotmail.com	f	t	2025-12-11 20:27:08.728786+00
60	pbkdf2_sha256$1200000$UHxNDnthC7qrDPEXufYyOz$OmGU+nMfmi6M4l3+riApmyU7yRBWe88gNW28AMyVFvM=	\N	f	92554032572	Eurides	Ferreira Rocha	rochaeurides@gmail.com	f	t	2025-12-11 20:27:14.61223+00
62	pbkdf2_sha256$1200000$0rBxHUMH48BW5RZ29BPxpC$xGQ9T0z/1AP9D6iLcmHEbHeAKc7IfyGoO2esEU3C/uM=	2025-12-12 14:42:58.700519+00	f	04737134112	Rostand	Junio Do Monte Henriques	rostandjunio@gmail.com	f	t	2025-12-11 20:27:16.280983+00
59	pbkdf2_sha256$1200000$D37zFh7JrOiVgbrdbxi4Wx$CLVWBvFkjxExiz0HpVVqp7lEXgld/p+obVtq9oFfXl0=	\N	f	07379716301	Ramon	Veloso Salão	ramonsalao557@gmail.com	f	t	2025-12-11 20:27:13.782198+00
66	pbkdf2_sha256$1200000$tXveQ07HJq6vmF2wgz0GjG$xoY/gwqz73Scf5HWtsMmAZtGpKOolzLUrF7+meyPGtI=	2025-12-15 12:13:59.984796+00	f	04034657103	Thiago	Carneiro Silva Santiago	tsilvasantiago@gmail.com	f	t	2025-12-11 20:27:19.597408+00
40	pbkdf2_sha256$1200000$RNdG5AowuPmjcgLAWgf0pJ$vbxfbYO8SmC2gxv/0EeIjk39IWc/xgHO0ZM8t4ygDw4=	2025-12-12 16:43:44.317188+00	f	87035960287	Antonio	Laercio Nunes De Amorim Juinor	laerciojunior@dividata.com	t	t	2025-12-11 20:26:57.888935+00
68	pbkdf2_sha256$1200000$n1JvUZfOOhQNNDOW2WLA4X$r9CUvP6n5mwNE9a8sMEviLnEHa6EgUmGhnFvOVW5srA=	2025-12-15 12:14:47.767855+00	f	40716171287	Valter	Souza Santos Junior	valter@dividata.com.br	t	t	2025-12-11 20:27:21.248927+00
38	pbkdf2_sha256$1200000$FxSkHuLskEMq32eipBpYXb$HuSZ6/XEq+L3wDMlTojJAHF6+KN9QAkg8QkGjkbj5Yk=	2025-12-12 14:46:00.987853+00	f	08267864130	João	Paulo Motta Ribeiro	Jpmttr1@gmail.com	f	t	2025-12-11 20:26:56.21858+00
67	pbkdf2_sha256$1200000$BtzS1spDMP0k5IQdnAA2SH$i9zily+HgSOQgohA/USXtfyD6QwrTs9PPDGjzB0PRKg=	\N	f	04699924174	Valdeir	Dos Santos Araújo	valdeir4500@hotmail.com	f	t	2025-12-11 20:27:20.421933+00
50	pbkdf2_sha256$1200000$UTdFUQAN3aIKzAqCMbz4uh$nQvS7ZwsQtncS65Nf0oMSdlPpeN+YwaAUpyO8JmXXGk=	2025-12-15 12:06:09.663305+00	f	67731759091	Milena	De Oliveira Reina	milenareina@dividata.com.br	t	t	2025-12-11 20:27:06.242028+00
64	pbkdf2_sha256$1200000$U0qqBvRy0BOfTHqpRRt77m$88uftZqxmwMPwEtl1dMq6mKv+b5yPbDbfswBTACGaV0=	2025-12-12 12:57:31.137499+00	f	03904619110	Thaís	Schneider	thaischneiders2@gmail.com	f	t	2025-12-11 20:27:17.945698+00
70	pbkdf2_sha256$1200000$rSnKFMG2BuSgeyio13N6Ur$DrUQVfxrTrjcvlERrTXC/lHesehn9cJCG8dfK5ku6Gw=	\N	f	71866914120	Wendell	Arnaldo Gomes Raposo	wendell.arnaldo@gmail.com	f	t	2025-12-11 20:27:22.913734+00
71	pbkdf2_sha256$1200000$1XMl61Gg6iHasfEtu82MUJ$//4X4DPLJO/ZJbfCVKrKnFqFPgbns0PonghVDDw1ATs=	\N	f	60602899168	Charleston	Santos Ferreira Da Silva	Charleston950@hotmail.com	f	t	2025-12-11 20:27:23.750367+00
42	pbkdf2_sha256$1200000$LMIee95W5O4S977gBdXPSe$jETYH8YZ/XTAUbst3YwRSa5EOFgc6MJoAGbbkKNDelg=	2025-12-15 11:52:23.711225+00	f	03096885150	Leandro	Barbosa Da Silva	leandro.inforcel@gmail.com	f	t	2025-12-11 20:26:59.573544+00
61	pbkdf2_sha256$1200000$2O5q1YNb6NsRNF6tbqmJpy$/KncU0/NRm6QVSoSvjj5UWZzpQG+lAYQkchkq2U0bnk=	2025-12-12 14:36:37.528696+00	f	00657632112	Rosianne	Giminianne Da Silva Cardoso	rosiannenogueira9@gmail.com	f	t	2025-12-11 20:27:15.447018+00
43	pbkdf2_sha256$1200000$gLNSnM79bOwpsxEzbwJbeS$4MmYQPHOLgbo/smbZHW+nWb2pLFi1fK9pMHgq2HI47I=	2025-12-12 14:37:16.032307+00	f	05726650166	Levi	Borges Do Nascimento	levi.borgesjk@gmail.com	f	t	2025-12-11 20:27:00.416198+00
79	pbkdf2_sha256$1200000$xX54svJZiB3AzU9u1eM4nJ$NLKkzDrVcRjlUHy8wucBlW0EmDD9ScDoWatHo5qEAfA=	\N	f	05768851186	Jessiane	Pereira Da Silva	jessianepereira564@gmail.com	f	t	2025-12-15 18:30:29.834724+00
75	pbkdf2_sha256$1200000$cNJFJOJjlHzSkNHB8ZX7Id$nZnXCYAfBPHL/RV0E3DoQy9dgmEvPlmnQ4HjPBN+MY8=	\N	f	00188235213	Yury	Fontão Vieira	Sememail3@gmail.com	f	t	2025-12-11 20:27:27.116598+00
48	pbkdf2_sha256$1200000$k1zlV1ar4e5R6lurLHQmyt$vgg4kZJALUnCXYvwhOUARQ6OkmpvrZgymQAmeiDj+tI=	2025-12-12 14:42:41.93974+00	f	00533778263	Maria	Clara Dos Santos Nagao	mariaclaranagao@dividata.com.br	t	t	2025-12-11 20:27:04.579854+00
23	pbkdf2_sha256$1200000$cZF8qJ3LDcWqcj5m3QXxmq$RjhpX5AKTfEkIbFDZVbBkVRzZYod2EA+hhSSkGRpvnY=	2025-12-15 13:52:09.49662+00	f	01821439104	Francine	Gomes Braga De Castro	francinebraga@dividata.com.br	t	t	2025-12-11 20:26:43.656484+00
3	pbkdf2_sha256$1200000$McprfOHyEMe1EKaWfZd4OE$jUZKvIKJTSezwDeezMjikSiMKQSUHDOinzz8Fp16aDE=	2025-12-15 13:42:14.607907+00	f	06394174181	Wellington	Dias Da Cunha Filho	wdcunhafilho@gmail.com	f	t	2025-12-11 19:06:07.406111+00
78	pbkdf2_sha256$1200000$S9cK0obEoP6jwIvquUAbwC$sBl4bxq8GmUDNV7qW04Jqwh94C5dNAlXAFLgpiyCiqk=	2025-12-15 14:56:41.790314+00	f	00746821131	Thiago	Moreira Conceição	gothiago_@hotmail.com	f	t	2025-12-15 14:40:59.074755+00
77	pbkdf2_sha256$1200000$8DVrTw6NveRfS8DBuCqinR$JsoQYqdZsWHe2y5fIar2MyLharwrsZRnKLA1V/AvUmc=	2025-12-15 14:56:47.847909+00	f	70761396187	Alex	Silva Alcantara	lex.80@hotmail.com	f	t	2025-12-12 17:45:19.440673+00
76	pbkdf2_sha256$1200000$THw5FFEF5GJON04R7kWsjW$mcLqLWr83ldaxPup2kIJie70Kbg0/z3+GQi2GeWyThI=	2025-12-12 14:49:44.44153+00	f	02687377112	Samuel	França De Oliveira	samuka.fr03@gmail.com	f	t	2025-12-12 14:48:10.706823+00
69	pbkdf2_sha256$1200000$VYc87QzdGgLxTauHqpYKwn$OjPGxe9iVSVNvjsZ3L84jZ+hNNIUZjBpzxKyvjK0ffE=	2025-12-15 12:23:06.910694+00	f	02599004195	Wagner	Rodrigues De Souza	wagner@dividata.com.br	t	t	2025-12-11 20:27:22.079032+00
73	pbkdf2_sha256$1200000$1jUlkg8gwogJFwnBMprkn3$Jrm8TkUc/juUVE42vNAdVB0J9P5sNws3h5CuoiCrP/Y=	2025-12-15 17:35:33.554704+00	f	05407645157	Gabriel	Natan Da Silva Lopes	Gabrielntlopes@gmail.com	f	t	2025-12-11 20:27:25.426399+00
\.


--
-- Data for Name: auth_user_groups; Type: TABLE DATA; Schema: public; Owner: rhuser
--

COPY public.auth_user_groups (id, user_id, group_id) FROM stdin;
1	20	1
2	15	1
3	69	1
4	48	1
5	50	1
6	23	1
7	40	1
8	68	1
10	19	1
\.


--
-- Data for Name: auth_user_user_permissions; Type: TABLE DATA; Schema: public; Owner: rhuser
--

COPY public.auth_user_user_permissions (id, user_id, permission_id) FROM stdin;
\.


--
-- Data for Name: core_rh_cargo; Type: TABLE DATA; Schema: public; Owner: rhuser
--

COPY public.core_rh_cargo (id, titulo, created_at) FROM stdin;
2	Analista de Suporte Júnior	2025-12-11 19:25:38.901528+00
1	Analista de Suporte Avançado II	2025-12-11 19:05:14.725539+00
4	Coordenadora Operacional	2025-12-11 19:26:38.132091+00
5	Gerente de Projetos	2025-12-11 19:26:44.093824+00
6	Gerente de Projetos II	2025-12-11 19:26:52.64527+00
7	Gerente Operacional	2025-12-11 19:27:02.449071+00
8	Analista de Suporte Pleno	2025-12-11 19:27:13.895952+00
9	Supervisor Operacional	2025-12-11 19:27:30.470669+00
10	Supervisor Técnico	2025-12-11 19:27:36.81117+00
11	Técnico de Microinformática Especializado	2025-12-11 19:28:08.877342+00
12	Técnico de Microinformática Pleno	2025-12-11 19:28:17.376905+00
13	Técnico de Microinformática Líder	2025-12-11 19:28:28.597501+00
14	Tecnico de Microinformatica Especializado	2025-12-11 20:26:36.175564+00
15	Gerente Regional	2025-12-12 18:33:18.43893+00
3	Auxiliar de Serviços Gerais	2025-12-11 19:26:30.316286+00
\.


--
-- Data for Name: core_rh_equipe; Type: TABLE DATA; Schema: public; Owner: rhuser
--

COPY public.core_rh_equipe (id, nome, local_trabalho) FROM stdin;
4	RH	Brasília-DF
7	Analistas CTD	Brasília-DF
6	Presidência	Brasília-DF
5	CTD	Brasília-DF
2	CIAUS/BR	Brasília-DF
3	Gestão	Brasília-DF
8	Torino	Brasília-DF
1	Equipe Web	Brasília-DF
9	Copa	Brasília-DF
\.


--
-- Data for Name: core_rh_equipe_gestores; Type: TABLE DATA; Schema: public; Owner: rhuser
--

COPY public.core_rh_equipe_gestores (id, equipe_id, funcionario_id) FROM stdin;
1	7	66
2	8	38
3	6	64
4	6	10
5	6	62
6	5	48
7	5	46
8	2	64
9	2	62
10	3	21
11	8	21
12	1	67
13	9	18
14	9	13
\.


--
-- Data for Name: core_rh_funcionario; Type: TABLE DATA; Schema: public; Owner: rhuser
--

COPY public.core_rh_funcionario (id, nome_completo, email, cpf, data_admissao, jornada_entrada, jornada_saida, cargo_id, equipe_id, usuario_id, intervalo_padrao, numero_contrato, bairro, cep, cidade, endereco, estado, local_trabalho_estado, primeiro_acesso) FROM stdin;
19	Jhekson Elias Martins	eliasmartins432@gmail.com	03695315156	2025-12-11	08:00:00	18:00:00	8	7	21	13:00 às 14:12	1136/2022	Asa Norte	70714-900	Brasília	SCN Quadra 4 Bloco B	DF	Distrito Federal	f
11	Ary Campista Neto	ary.campists@gmail.com	72567279172	2025-12-11	08:00:00	18:00:00	12	2	13	12:00 às 13:12	1136/2022	Asa Norte	70714-900	Brasília	SCN Quadra 4 Bloco B	DF	Distrito Federal	f
3	Antônio José Costa Ferreira	ajcosta.ferreira@outlook.com	70057508100	2025-12-11	08:00:00	18:00:00	2	2	5	12:00 às 13:12	1136/2022	Asa Norte	70714-900	Brasília	SCN Quadra 4 Bloco B	DF	Distrito Federal	f
21	Francine Gomes Braga de Castro	francinebraga@dividata.com.br	01821439104	2025-12-11	08:00:00	18:00:00	6	3	23	13:00 às 14:12	1136/2022	Asa Norte	70714-900	Brasília	SCN Quadra 4 Bloco B	DF	Distrito Federal	f
24	Gloria Elaine Garcete Gomes	glorinha28elaine@gmail.com	88854841153	2025-12-11	08:00:00	18:00:00	11	5	26	12:00 às 13:12	1136/2022	Asa Norte	70714-900	Brasília	SCN Quadra 4 Bloco B	DF	Distrito Federal	f
17	Daiane de Souza Oliveira Ribeiro	dayoliveira335@gmail.com	02996028180	2025-12-11	08:00:00	18:00:00	3	4	19	12:00 às 13:12	1136/2022	Asa Norte	70714-900	Brasília	SCN Quadra 4 Bloco B	DF	Distrito Federal	t
5	Hagamenon Nunes da Costa	haganunes@hotmail.com	03212622121	2025-12-11	08:00:00	18:00:00	11	2	7	12:00 às 13:12	1136/2022	Asa Norte	70714-900	Brasília	SCN Quadra 4 Bloco B	DF	Distrito Federal	f
15	Cleiton de Jesus Silva	clejesus@gmail.com	95010408104	2025-12-11	08:00:00	18:00:00	2	7	17	12:00 às 13:12	1136/2022	Asa Norte	70714-900	Brasília	SCN Quadra 4 Bloco B	DF	Distrito Federal	f
9	Alysson Lucio Cavalcante Souza	alyssonlucio@gmail.com	64632318191	2025-12-11	08:00:00	18:00:00	8	7	11	13:00 às 14:12	1136/2022	Asa Norte	70714-900	Brasília	SCN Quadra 4 Bloco B	DF	Distrito Federal	t
12	Everaldo de Jesus dos Santos	brasil.df2@gmail.com	41736230115	2025-12-11	08:00:00	18:00:00	14	7	14	12:00 às 13:12	1136/2022	Asa Norte	70714-900	Brasília	SCN Quadra 4 Bloco B	DF	Distrito Federal	f
13	Raimunda Miria de Santana Ricarddo	brasilia@dividata.com.br	06179235317	2025-12-11	08:00:00	18:00:00	9	4	15	12:00 às 13:12	1136/2022	Asa Norte	70714-900	Brasília	SCN Quadra 4 Bloco B	DF	Distrito Federal	t
7	Randerson da Silva Cardoso	rscex@hotmail.com	93819048120	2025-12-11	08:00:00	18:00:00	12	2	9	13:00 às 14:12	1136/2022	Asa Norte	70714-900	Brasília	SCN Quadra 4 Bloco B	DF	Distrito Federal	f
32	José Charles Ribeiro da Rocha Valente	jcr.rvalente@outlook.com	00863539181	2025-12-11	08:00:00	18:00:00	8	6	34	12:00 às 13:12	1136/2022	Asa Norte	70714-900	Brasília	SCN Quadra 4 Bloco B	DF	Distrito Federal	f
34	João Paulo Sampaio Almeida	joaostylo@gmail.com	04548032142	2025-12-11	08:00:00	18:00:00	11	2	36	13:00 às 14:12	1136/2022	Asa Norte	70714-900	Brasília	SCN Quadra 4 Bloco B	DF	Distrito Federal	f
38	Antonio Laercio Nunes de Amorim Juinor	laerciojunior@dividata.com	87035960287	2025-12-11	08:00:00	18:00:00	6	3	40	13:00 às 14:12	1136/2022	Asa Norte	70714-900	Brasília	SCN Quadra 4 Bloco B	DF	Distrito Federal	f
37	Francisco Pedro Oliveira Júnior	juninho_010@hotmail.com	03704407143	2025-12-11	08:00:00	18:00:00	2	7	39	14:00 às 15:12	1136/2022	Asa Norte	70714-900	Brasília	SCN Quadra 4 Bloco B	DF	Distrito Federal	f
6	Carlos Eduardo Vasconcelos Oliveira	heddu_1980@Yahoo.com.br	92279538172	2025-12-11	08:00:00	18:00:00	2	7	8	12:00 às 13:12	1136/2022	Asa Norte	70714-900	Brasília	SCN Quadra 4 Bloco B	DF	Distrito Federal	f
16	Danilo Venturini Gonçalves Sousa Santos	danilo.dividata@gmail.com	72344326120	2025-12-11	08:00:00	18:00:00	12	2	18	12:00 às 13:12	1136/2022	Asa Norte	70714-900	Brasília	SCN Quadra 4 Bloco B	DF	Distrito Federal	f
33	Joabe Moreira de Melo	joabe_melo@outlook.com	05973059197	2025-12-11	08:00:00	18:00:00	11	2	35	12:00 às 13:12	1136/2022	Asa Norte	70714-900	Brasília	SCN Quadra 4 Bloco B	DF	Distrito Federal	t
25	Gomercindo Barcelos	gomes.barcelos@gmail.com	46060502091	2025-12-11	08:00:00	18:00:00	1	7	27	11:00 às 12:12	1136/2022	Asa Norte	70714-900	Brasília	SCN Quadra 4 Bloco B	DF	Distrito Federal	t
26	Gleiton de Sousa Santos	gsantosbsb@gmail.com	00000844179	2025-12-11	19:00:00	07:00:00	11	5	28	00:00 às 01:00	1136/2022	Asa Norte	70714-900	Brasília	SCN Quadra 4 Bloco B	DF	Distrito Federal	t
28	Guime Pereira dos Santos	Guimebr@hotmail.com	05513169185	2025-12-11	08:00:00	18:00:00	2	7	30	14:00 às 15:12	1136/2022	Asa Norte	70714-900	Brasília	SCN Quadra 4 Bloco B	DF	Distrito Federal	t
36	João Paulo Motta Ribeiro	Jpmttr1@gmail.com	08267864130	2025-12-11	08:00:00	18:00:00	2	7	38	12:00 às 13:12	1136/2022	Asa Norte	70714-900	Brasília	SCN Quadra 4 Bloco B	DF	Distrito Federal	f
30	Bruno Rocha dos Santos	hmbruno.rsantos@gmail.com	02464132128	2025-12-11	08:00:00	18:00:00	13	2	32	12:00 às 13:12	1136/2022	Asa Norte	70714-900	Brasília	SCN Quadra 4 Bloco B	DF	Distrito Federal	f
23	Gleydmar Segismundo	gleydmar81@gmail.com	10259461709	2025-12-11	08:00:00	18:00:00	13	2	25	12:00 às 13:12	1136/2022	Asa Norte	70714-900	Brasília	SCN Quadra 4 Bloco B	DF	Distrito Federal	f
29	Maurício Gustavo Oliveira Nobre	gust102016@gmail.com	07403613171	2025-12-11	08:00:00	18:00:00	11	5	31	13:00 às 14:12	1136/2022	Asa Norte	70714-900	Brasília	SCN Quadra 4 Bloco B	DF	Distrito Federal	f
2	Alessandro Antônio Vieira	alessandro0581@hotmail.com	85838586168	2025-12-11	08:00:00	18:00:00	11	2	4	12:00 às 13:12	1136/2022	Asa Norte	70714-900	Brasília	SCN Quadra 4 Bloco B	DF	Distrito Federal	f
8	Antônio Marcos de Araújo	07.2024@gmail.com	40057682100	2025-12-11	08:00:00	18:00:00	8	7	10	11:00 às 12:12	1136/2022	Asa Norte	70714-900	Brasília	SCN Quadra 4 Bloco B	DF	Distrito Federal	f
20	Filipe Alves dos Santos	filipelvs23@gmail.com	04739832143	2025-12-11	07:00:00	19:00:00	11	7	22	13:00 às 14:00	1136/2022	Asa Norte	70714-900	Brasília	SCN Quadra 4 Bloco B	DF	Distrito Federal	f
66	Valter Souza Santos Junior	valter@dividata.com.br	40716171287	2025-12-11	08:00:00	18:00:00	5	3	68	13:00 às 14:12	1136/2022	Asa Norte	70714-900	Brasília	SCN Quadra 4 Bloco B	DF	Distrito Federal	f
10	Andréia Pereira dos Santos	andreiaps905@gmail.com	90045777187	2025-12-11	08:00:00	18:00:00	9	3	12	12:00 às 13:12	1136/2022	Asa Norte	70714-900	Brasília	SCN Quadra 4 Bloco B	DF	Distrito Federal	f
18	Deborah Lima de Araujo	deborahlima@dividata.com.br	00840021232	2025-12-11	08:00:00	18:00:00	4	4	20	12:00 às 13:12	1136/2022	Asa Norte	70714-900	Brasília	SCN Quadra 4 Bloco B	DF	Distrito Federal	t
22	Gilvan França Ribeiro da Silva	gilvanfranca402@hotmail.com	03666894100	2025-12-11	08:00:00	18:00:00	12	6	24	12:00 às 13:12	1136/2022	Asa Norte	70714-900	Brasília	SCN Quadra 4 Bloco B	DF	Distrito Federal	t
55	Philipe Brito costa	phiflamengo2013@gmail.com	05159489185	2025-12-11	09:00:00	19:00:00	2	6	57	12:00 às 13:12	1136/2022	Asa Norte	70714-900	Brasília	SCN Quadra 4 Bloco B	DF	Distrito Federal	f
42	Maria Elanir de Lima	limalia1986@gmail.com	01911354370	2025-12-11	08:00:00	18:00:00	11	5	44	12:00 às 13:12	1136/2022	Asa Norte	70714-900	Brasília	SCN Quadra 4 Bloco B	DF	Distrito Federal	f
50	Naiara Gomes da Silva	nairaggss14@gmail.com	06690503186	2025-12-11	08:00:00	18:00:00	2	8	52	13:00 às 14:12	1136/2022	Asa Norte	70714-900	Brasília	SCN Quadra 4 Bloco B	DF	Distrito Federal	f
44	Luis Augusto Souza de Almeida	luis.ibe202@gmail.com	02984311140	2025-12-11	08:00:00	18:00:00	8	6	46	13:00 às 14:12	1136/2022	Asa Norte	70714-900	Brasília	SCN Quadra 4 Bloco B	DF	Distrito Federal	t
41	Levi Borges do Nascimento	levi.borgesjk@gmail.com	05726650166	2025-12-11	08:00:00	18:00:00	11	5	43	14:00 às 15:12	1136/2022	Asa Norte	70714-900	Brasília	SCN Quadra 4 Bloco B	DF	Distrito Federal	f
54	Pedro Henrique Sena Gonçalves	pedrosenabsb@gmail.com	06743093165	2025-12-11	08:00:00	18:00:00	12	2	56	12:00 às 13:12	1136/2022	Asa Norte	70714-900	Brasília	SCN Quadra 4 Bloco B	DF	Distrito Federal	f
48	Milena de Oliveira Reina	milenareina@dividata.com.br	67731759091	2025-12-11	08:00:00	18:00:00	11	3	50	12:00 às 13:12	1136/2022	Asa Norte	70714-900	Brasília	SCN Quadra 4 Bloco B	DF	Distrito Federal	f
59	Rosianne Giminianne da Silva Cardoso	rosiannenogueira9@gmail.com	00657632112	2025-12-11	08:00:00	18:00:00	9	2	61	12:00 às 13:12	1136/2022	Asa Norte	70714-900	Brasília	SCN Quadra 4 Bloco B	DF	Distrito Federal	f
67	Wagner Rodrigues de Souza	wagner@dividata.com.br	02599004195	2025-12-11	08:00:00	18:00:00	6	3	69	13:00 às 14:12	1136/2022	Asa Norte	70714-900	Brasília	SCN Quadra 4 Bloco B	DF	Distrito Federal	f
47	Marina Nunes da Cunha	marina270792@gmail.com	03986738100	2025-12-11	08:00:00	18:00:00	11	5	49	12:00 às 13:12	1136/2022	Asa Norte	70714-900	Brasília	SCN Quadra 4 Bloco B	DF	Distrito Federal	f
40	Leandro Barbosa da Silva	leandro.inforcel@gmail.com	03096885150	2025-12-11	08:00:00	18:00:00	12	6	42	12:00 às 13:12	1136/2022	Asa Norte	70714-900	Brasília	SCN Quadra 4 Bloco B	DF	Distrito Federal	f
53	Paulo Fernando Vieira Rogerio	paulo_fvr@hotmail.com	00684274175	2025-12-11	09:00:00	19:00:00	2	7	55	12:00 às 13:12	1136/2022	Asa Norte	70714-900	Brasília	SCN Quadra 4 Bloco B	DF	Distrito Federal	f
57	Ramon Veloso Salão	ramonsalao557@gmail.com	07379716301	2025-12-11	08:00:00	18:00:00	2	7	59	13:00 às 14:12	1136/2022	Asa Norte	70714-900	Brasília	SCN Quadra 4 Bloco B	DF	Distrito Federal	t
58	Eurides Ferreira Rocha	rochaeurides@gmail.com	92554032572	2025-12-11	08:00:00	18:00:00	11	5	60	12:00 às 13:12	1136/2022	Asa Norte	70714-900	Brasília	SCN Quadra 4 Bloco B	DF	Distrito Federal	t
45	Lucas Massayoshi da Cruz Taira	lukas_tayra@hotmail.com	05538023133	2025-12-11	08:00:00	18:00:00	11	5	47	13:00 às 14:12	1136/2022	Asa Norte	70714-900	Brasília	SCN Quadra 4 Bloco B	DF	Distrito Federal	f
14	Carlos Eduardo Pereira Nogueira de Sá	caduep@gmail.com	00700170189	2025-12-11	19:00:00	07:00:00	11	7	16	00:00 às 01:00	1136/2022	Asa Norte	70714-900	Brasília	SCN Quadra 4 Bloco B	DF	Distrito Federal	f
70	Eron Targino da Silva	Eron.df@gmail.com	60170190153	2025-12-11	08:00:00	18:00:00	1	1	72	12:00 às 13:12	1136/2022	Asa Norte	70714-900	Brasília	SCN Quadra 4 Bloco B	DF	Distrito Federal	f
49	Murilo Vinicius Mesquita dos Reis	murilovmreis@gmail.com	00999626167	2025-12-11	08:00:00	18:00:00	11	5	51	13:00 às 14:12	1136/2022	Asa Norte	70714-900	Brasília	SCN Quadra 4 Bloco B	DF	Distrito Federal	f
65	Valdeir dos Santos Araújo	valdeir4500@hotmail.com	04699924174	2025-12-11	08:00:00	18:00:00	11	8	67	13:00 às 14:12	1136/2022	Asa Norte	70714-900	Brasília	SCN Quadra 4 Bloco B	DF	Distrito Federal	t
62	Thaís Schneider	thaischneiders2@gmail.com	03904619110	2025-12-11	08:00:00	18:00:00	9	3	64	12:00 às 13:12	1136/2022	Asa Norte	70714-900	Brasília	SCN Quadra 4 Bloco B	DF	Distrito Federal	f
61	Rubiney Marques	rubineymarques@hotmail.com	00788506145	2025-12-11	08:00:00	18:00:00	8	6	63	12:00 às 13:12	1136/2022	Asa Norte	70714-900	Brasília	SCN Quadra 4 Bloco B	DF	Distrito Federal	f
69	Charleston Santos Ferreira da Silva	Charleston950@hotmail.com	60602899168	2025-12-11	08:00:00	18:00:00	1	1	71	12:00 às 13:12	1136/2022	Asa Norte	70714-900	Brasília	SCN Quadra 4 Bloco B	DF	Distrito Federal	t
51	Osvaldo Félix de Oliveira	osvaldo_152@hotmail.com	00233571183	2025-12-11	08:00:00	18:00:00	2	6	53	12:00 às 13:12	1136/2022	Asa Norte	70714-900	Brasília	SCN Quadra 4 Bloco B	DF	Distrito Federal	f
73	Yury Fontão Vieira	Sememail3@gmail.com	00188235213	2025-12-11	08:00:00	18:00:00	9	3	75	13:00 às 14:12	1136/2022	Asa Norte	70714-900	Brasília	SCN Quadra 4 Bloco B	DF	Distrito Federal	t
63	Thayla Lorranny da Silva Pereira	thaylalorranny003@gmail.com	06785834120	2025-12-11	08:00:00	18:00:00	11	5	65	13:00 às 14:12	1136/2022	Asa Norte	70714-900	Brasília	SCN Quadra 4 Bloco B	DF	Distrito Federal	f
72	Pedro Henrique Brito Pereira	pedrovsk13@gmail.com	04103489103	2025-12-11	08:00:00	18:00:00	1	1	74	13:00 às 14:12	1136/2022	Asa Norte	70714-900	Brasília	SCN Quadra 4 Bloco B	DF	Distrito Federal	f
31	Ian Oliveira Bebiano	ian.bebiano@gmail.com	84409142100	2025-12-11	07:00:00	17:00:00	8	7	33	13:00 às 14:12	1136/2022	Asa Norte	70714-900	Brasília	SCN Quadra 4 Bloco B	DF	Distrito Federal	t
43	Lucas Antonio Alves das Santos	lucas.antonio.alves@icloud.com	06812091197	2025-12-11	08:00:00	18:00:00	11	8	45	12:00 às 13:12	1136/2022	Asa Norte	70714-900	Brasília	SCN Quadra 4 Bloco B	DF	Distrito Federal	t
68	Wendell Arnaldo Gomes Raposo	wendell.arnaldo@gmail.com	71866914120	2025-12-11	08:00:00	18:00:00	11	5	70	13:00 às 14:12	1136/2022	Asa Norte	70714-900	Brasília	SCN Quadra 4 Bloco B	DF	Distrito Federal	t
64	Thiago Carneiro Silva Santiago	tsilvasantiago@gmail.com	04034657103	2025-12-11	08:00:00	18:00:00	10	3	66	13:00 às 14:12	1136/2022	Asa Norte	70714-900	Brasília	SCN Quadra 4 Bloco B	DF	Distrito Federal	f
39	Leilane Mendes de Freitas Oliveira	lanemfo01@gmail.com	06764974110	2025-12-11	08:00:00	18:00:00	12	5	41	12:00 às 13:12	1136/2022	Asa Norte	70714-900	Brasília	SCN Quadra 4 Bloco B	DF	Distrito Federal	f
56	Rademis Cosme Cabral da Silva	rademiscs@hotmail.com	73560006104	2025-12-11	07:00:00	17:00:00	2	7	58	13:00 às 14:00	1136/2022	Asa Norte	70714-900	Brasília	SCN Quadra 4 Bloco B	DF	Distrito Federal	f
35	Josenilson Gomes dos Santos	josenilson.gomes@gmail.com	69606536149	2025-12-11	09:00:00	19:00:00	1	7	37	12:00 às 13:12	1136/2022	Asa Norte	70714-900	Brasília	SCN Quadra 4 Bloco B	DF	Distrito Federal	f
75	Alex Silva Alcantara	lex.80@hotmail.com	70761396187	2025-08-04	08:00:00	18:00:00	12	8	77	12:00 às 13:12	11336/2023	Asa Norte	70714-900	Brasília	SCN Quadra 4 Bloco B	DF	Distrito Federal	f
74	Samuel França de Oliveira	samuka.fr03@gmail.com	026.873.771-12	2025-06-16	08:00:00	18:00:00	14	5	76	12:00 às 13:12	11336/2022	Ceilândia Sul (Ceilândia)	72235814	Brasília	Quadra QNP 28 Conjunto N	DF	Distrito Federal	f
60	Rostand Junio do Monte Henriques	rostandjunio@gmail.com	04737134112	2025-12-11	08:00:00	18:00:00	8	7	62	13:00 às 14:12	1136/2022	Asa Norte	70714-900	Brasília	SCN Quadra 4 Bloco B	DF	Distrito Federal	f
52	Paulo André José Ferreira	paulo.df.net@gmail.com	63554585149	2025-12-11	08:00:00	18:00:00	13	2	54	12:00 às 13:12	1136/2022	Asa Norte	70714-900	Brasília	SCN Quadra 4 Bloco B	DF	Distrito Federal	f
27	Hemo Gustavo Xavier da Silva Araújo	guatavo9@gmail.com	01464323127	2025-12-11	08:00:00	18:00:00	12	2	29	12:00 às 13:12	1136/2022	Asa Norte	70714-900	Brasília	SCN Quadra 4 Bloco B	DF	Distrito Federal	f
46	Maria Clara dos Santos Nagao	mariaclaranagao@dividata.com.br	00533778263	2025-12-11	08:00:00	18:00:00	15	3	48	13:00 às 14:12	1136/2022	Asa Norte	70714-900	Brasília	SCN Quadra 4 Bloco B	DF	Distrito Federal	f
1	Wellington Dias da Cunha Filho	wdcunhafilho@gmail.com	06394174181	2023-04-18	08:00:00	18:00:00	1	1	3	13:00 às 14:12	1136/2022	Santa Maria	72547-415	Brasília	Quadra QR 117 Conjunto O	DF	Distrito Federal	f
76	Thiago Moreira Conceição	gothiago_@hotmail.com	00746821131	2025-12-15	08:00:00	18:00:00	12	2	78	12:00 às 13:12	\N	Asa Norte	70714-900	Brasília	SCN Quadra 4 Bloco B	DF	Distrito Federal	f
71	Gabriel Natan da Silva Lopes	Gabrielntlopes@gmail.com	05407645157	2025-12-11	08:00:00	18:00:00	1	1	73	12:00 às 13:12	1136/2022	Asa Norte	70714-900	Brasília	SCN Quadra 4 Bloco B	DF	Distrito Federal	f
77	Jessiane Pereira da Silva	jessianepereira564@gmail.com	05768851186	2025-12-15	08:00:00	18:00:00	3	9	79	13:00 às 14:12	\N	Jardim Flamboyant	72852-540	Luziânia	Rua Guajajara	GO	Goiás	t
\.


--
-- Data for Name: core_rh_funcionario_outras_equipes; Type: TABLE DATA; Schema: public; Owner: rhuser
--

COPY public.core_rh_funcionario_outras_equipes (id, funcionario_id, equipe_id) FROM stdin;
2	67	4
3	46	4
4	48	4
5	21	4
6	38	4
7	66	4
\.


--
-- Data for Name: core_rh_registroponto; Type: TABLE DATA; Schema: public; Owner: rhuser
--

COPY public.core_rh_registroponto (id, data, observacao, arquivo_anexo, assinado_funcionario, assinado_gestor, funcionario_id, entrada_manha, extra_entrada, extra_saida, saida_almoco, saida_tarde, volta_almoco) FROM stdin;
57	2025-11-18			t	t	56	06:54:00	\N	\N	13:00:00	17:04:00	14:12:00
61	2025-11-24			t	t	56	06:53:00	\N	\N	13:00:00	17:03:00	14:12:00
62	2025-11-25			t	t	56	06:50:00	\N	\N	13:00:00	17:00:00	14:12:00
64	2025-11-27			t	t	56	06:52:00	\N	\N	13:00:00	17:02:00	14:12:00
65	2025-11-28			t	t	56	06:53:00	\N	\N	13:00:00	17:03:00	14:12:00
66	2025-11-30	FERIADO		t	t	56	\N	\N	\N	\N	\N	\N
67	2025-12-01			t	t	56	06:55:00	\N	\N	13:00:00	17:05:00	14:12:00
68	2025-12-02			t	t	56	06:52:00	\N	\N	13:00:00	17:02:00	14:12:00
69	2025-12-03			t	t	56	06:55:00	\N	\N	13:00:00	17:05:00	14:12:00
70	2025-12-04			t	t	56	06:53:00	\N	\N	13:00:00	17:03:00	14:12:00
71	2025-12-05			t	t	56	06:52:00	\N	\N	13:00:00	17:02:00	14:12:00
72	2025-12-08			t	t	56	06:54:00	\N	\N	13:00:00	17:04:00	14:12:00
73	2025-12-09			t	t	56	06:50:00	\N	\N	13:00:00	17:00:00	14:12:00
74	2025-12-10			t	t	56	06:52:00	\N	\N	13:00:00	17:02:00	14:12:00
75	2025-12-11	Atestado Médico		t	t	56	06:54:00	\N	\N	14:00:00	\N	\N
76	2025-12-12			t	t	56	06:51:00	\N	\N	13:00:00	17:01:00	14:12:00
63	2025-11-26			t	t	56	06:54:00	\N	\N	13:00:00	17:04:00	14:12:00
162	2025-11-18	ATESTADO MÉDICO. DENTISTA		t	t	15	\N	\N	\N	\N	\N	\N
1174	2025-11-17		ponto_assinado/Folha_Hagamenon_Nunes_da_Costa_12_2025_Assinada_Gestor.pdf	t	t	5	08:01:00	\N	\N	12:01:00	18:01:00	13:12:00
163	2025-11-19	ATESTADO MÉDICO. DENTISTA		t	t	15	\N	\N	\N	\N	\N	\N
164	2025-11-20	FERIADO		t	t	15	\N	\N	\N	\N	\N	\N
1175	2025-11-20	FERIADO		t	t	5	\N	\N	\N	\N	\N	\N
1176	2025-11-30	FERIADO		t	t	5	\N	\N	\N	\N	\N	\N
1332	2025-11-16			f	f	75	00:00:00	\N	\N	00:00:00	00:00:00	00:00:00
997	2025-11-17	ATESTADO	ponto_assinado/Folha_João_Paulo_Motta_Ribeiro_12_2025_Assinada_Gestor.pdf	t	t	36	\N	\N	\N	\N	\N	\N
918	2025-11-17		ponto_assinado/Folha_Samuel_França_de_Oliveira_12_2025_Assinado_Colab.pdf	t	f	74	08:01:00	\N	\N	12:00:00	18:01:00	13:12:00
998	2025-11-18	ATESTADO		t	t	36	\N	\N	\N	\N	\N	\N
999	2025-11-19			t	t	36	08:02:00	\N	\N	12:00:00	18:02:00	13:12:00
1000	2025-11-20	FERIADO		t	t	36	\N	\N	\N	\N	\N	\N
1001	2025-11-21			t	t	36	08:03:00	\N	\N	12:00:00	18:03:00	13:12:00
1002	2025-11-24	ATESTADO DE COMPARECIMENTO		t	t	36	08:02:00	\N	\N	12:00:00	15:50:00	13:12:00
1003	2025-11-25			t	t	36	08:03:00	\N	\N	12:00:00	18:03:00	13:12:00
1004	2025-11-26			t	t	36	08:01:00	\N	\N	12:00:00	18:01:00	13:12:00
1005	2025-11-27			t	t	36	08:03:00	\N	\N	12:00:00	18:03:00	13:12:00
1006	2025-11-28			t	t	36	08:05:00	\N	\N	12:00:00	18:05:00	13:12:00
1007	2025-11-30	FERIADO		t	t	36	\N	\N	\N	\N	\N	\N
1008	2025-12-01	ATESTADO DE COMPARECIMENTO		t	t	36	08:04:00	\N	\N	12:00:00	15:50:00	13:12:00
1009	2025-12-02			t	t	36	08:05:00	\N	\N	12:00:00	18:05:00	13:12:00
1010	2025-12-03			t	t	36	08:02:00	\N	\N	12:00:00	18:02:00	13:12:00
1014	2025-12-09	ATESTADO		t	t	36	\N	\N	\N	\N	\N	\N
1110	2025-11-17		ponto_assinado/Folha_Philipe_Brito_costa_12_2025_Assinada_Gestor.pdf	t	t	55	08:59:00	\N	\N	14:00:00	18:59:00	15:12:00
919	2025-11-18			t	f	74	08:02:00	\N	\N	12:00:00	18:02:00	13:12:00
920	2025-11-19			t	f	74	08:03:00	\N	\N	12:00:00	18:03:00	13:12:00
921	2025-11-20	FERIADO		t	f	74	\N	\N	\N	\N	\N	\N
922	2025-11-21			t	f	74	08:04:00	\N	\N	12:00:00	18:04:00	13:12:00
923	2025-11-24			t	f	74	08:01:00	\N	\N	12:00:00	18:01:00	13:12:00
924	2025-11-25			t	f	74	08:02:00	\N	\N	12:00:00	18:02:00	13:12:00
925	2025-11-26			t	f	74	08:03:00	\N	\N	12:00:00	18:03:00	13:12:00
926	2025-11-27			t	f	74	08:04:00	\N	\N	12:00:00	18:04:00	13:12:00
927	2025-11-28	Exame médico, liberado pela gestora.		t	f	74	08:05:00	\N	\N	12:00:00	15:20:00	13:12:00
928	2025-11-30	FERIADO		t	f	74	\N	\N	\N	\N	\N	\N
929	2025-12-01			t	f	74	08:01:00	\N	\N	12:00:00	18:01:00	13:12:00
930	2025-12-02			t	f	74	08:02:00	\N	\N	12:00:00	18:02:00	13:12:00
931	2025-12-03			t	f	74	08:03:00	\N	\N	12:00:00	18:03:00	13:12:00
932	2025-12-04			t	f	74	08:04:00	\N	\N	12:00:00	18:04:00	13:12:00
933	2025-12-05			t	f	74	08:05:00	\N	\N	12:00:00	18:05:00	13:12:00
934	2025-12-08	Falta, enterro de parente.		t	f	74	\N	\N	\N	\N	\N	\N
935	2025-12-09			t	f	74	08:01:00	\N	\N	12:00:00	18:01:00	13:12:00
936	2025-12-10			t	f	74	08:02:00	\N	\N	12:00:00	18:02:00	13:12:00
937	2025-12-11			t	f	74	08:03:00	\N	\N	12:00:00	18:03:00	13:12:00
1098	2025-12-01			t	f	45	08:00:00	\N	\N	14:00:00	18:00:00	15:12:00
1099	2025-12-02			t	f	45	08:11:00	\N	\N	14:00:00	18:00:00	15:12:00
1100	2025-12-03			t	f	45	08:01:00	\N	\N	14:00:00	18:01:00	15:12:00
1101	2025-12-04			t	f	45	08:02:00	\N	\N	14:00:00	18:02:00	15:12:00
1102	2025-12-05			t	f	45	08:30:00	\N	\N	14:00:00	18:00:00	15:12:00
1103	2025-12-08			t	f	45	08:10:00	\N	\N	14:00:00	18:00:00	15:12:00
1104	2025-12-09			t	f	45	08:00:00	\N	\N	14:00:00	18:00:00	15:12:00
1105	2025-12-10			t	f	45	08:01:00	\N	\N	14:00:00	18:01:00	15:12:00
1106	2025-12-11			t	f	45	08:02:00	\N	\N	14:00:00	18:02:00	15:12:00
1107	2025-12-12			t	f	45	08:08:00	\N	\N	14:00:00	18:00:00	15:12:00
1333	2025-11-17			f	f	75	08:03:00	\N	\N	12:00:00	18:02:00	13:12:00
1334	2025-11-18			f	f	75	08:01:00	\N	\N	12:00:00	18:00:00	13:12:00
1335	2025-11-19			f	f	75	08:04:00	\N	\N	12:00:00	18:02:00	13:12:00
1336	2025-11-20	FERIADO		f	f	75	00:00:00	\N	\N	00:00:00	00:00:00	00:00:00
1337	2025-11-21			f	f	75	08:02:00	\N	\N	12:00:00	18:02:00	13:12:00
333	2025-11-18			t	t	60	08:05:00	\N	\N	13:00:00	18:05:00	14:12:00
1288	2025-12-05			t	t	24	08:00:00	\N	\N	12:01:00	18:00:00	13:13:00
335	2025-11-20	FERIADO		t	t	60	\N	\N	\N	\N	\N	\N
1289	2025-12-08			t	t	24	08:00:00	\N	\N	11:59:00	18:00:00	13:11:00
1290	2025-12-09			t	t	24	07:59:00	\N	\N	12:00:00	18:01:00	13:12:00
1291	2025-12-10			t	t	24	08:00:00	\N	\N	12:01:00	18:00:00	13:13:00
1292	2025-12-11			t	t	24	08:45:00	\N	\N	12:00:00	18:00:00	13:12:00
1293	2025-12-12			t	t	24	08:00:00	\N	\N	12:00:00	18:00:00	13:00:00
1338	2025-11-22			f	f	75	00:00:00	\N	\N	00:00:00	00:00:00	00:00:00
25	2025-11-17			f	f	67	08:05:00	\N	\N	13:00:00	18:05:00	14:12:00
26	2025-11-20	FERIADO		f	f	67	\N	\N	\N	\N	\N	\N
27	2025-11-30	FERIADO		f	f	67	\N	\N	\N	\N	\N	\N
56	2025-11-17		ponto_assinado/Folha_Rademis_Cosme_Cabral_da_Silva_12_2025_Assinada_Gestor.pdf	t	t	56	06:50:00	\N	\N	13:00:00	17:00:00	14:12:00
1296	2025-11-17	FERIAS		t	t	49	\N	\N	\N	\N	\N	\N
1297	2025-11-18	FERIAS		t	t	49	\N	\N	\N	\N	\N	\N
1298	2025-11-19	FERIAS		t	t	49	\N	\N	\N	\N	\N	\N
1299	2025-11-21	FERIAS		t	t	49	\N	\N	\N	\N	\N	\N
168	2025-11-26			t	t	15	08:02:00	\N	\N	12:00:00	18:03:00	13:12:00
169	2025-11-27			t	t	15	08:00:00	\N	\N	12:00:00	18:01:00	13:12:00
170	2025-11-28			t	t	15	08:01:00	\N	\N	12:00:00	18:02:00	13:12:00
171	2025-11-30	FERIADO		t	t	15	\N	\N	\N	\N	\N	\N
172	2025-12-01			t	t	15	08:02:00	\N	\N	12:02:00	18:03:00	13:14:00
173	2025-12-02			t	t	15	08:00:00	\N	\N	12:03:00	18:01:00	13:15:00
174	2025-12-03			t	t	15	08:03:00	\N	\N	12:00:00	18:04:00	13:12:00
175	2025-12-04			t	t	15	08:02:00	\N	\N	12:02:00	18:03:00	13:14:00
176	2025-12-05			t	t	15	08:03:00	\N	\N	12:01:00	18:04:00	13:13:00
177	2025-12-08			t	t	15	08:05:00	\N	\N	12:05:00	18:06:00	13:17:00
178	2025-12-09			t	t	15	08:02:00	\N	\N	12:00:00	18:01:00	13:12:00
179	2025-12-10			t	t	15	08:04:00	\N	\N	12:03:00	18:05:00	13:15:00
180	2025-12-11			t	t	15	08:01:00	\N	\N	12:01:00	18:02:00	13:13:00
181	2025-12-12			t	t	15	07:55:00	\N	\N	12:01:00	18:00:00	13:13:00
182	2025-12-15			t	t	15	08:02:00	\N	\N	12:02:00	18:03:00	13:14:00
51	2025-11-19			t	t	59	08:04:00	\N	\N	12:00:00	18:04:00	13:12:00
52	2025-11-20	FERIADO		t	t	59	\N	\N	\N	\N	\N	\N
53	2025-11-21			t	t	59	08:02:00	\N	\N	12:00:00	18:02:00	13:12:00
54	2025-11-24			t	t	59	08:01:00	\N	\N	12:00:00	18:01:00	13:12:00
55	2025-11-30	FERIADO		t	t	59	\N	\N	\N	\N	\N	\N
1300	2025-11-22	FERIAS		t	t	49	\N	\N	\N	\N	\N	\N
1301	2025-11-23	FERIAS		t	t	49	\N	\N	\N	\N	\N	\N
1302	2025-11-24	FERIAS		t	t	49	\N	\N	\N	\N	\N	\N
1277	2025-11-17		ponto_assinado/Folha_Gloria_Elaine_Garcete_Gomes_12_2025_Assinada_Gestor.pdf	t	t	24	08:00:00	\N	\N	12:00:00	18:00:00	13:12:00
1294	2025-12-15	Atestados de comparecimento		t	t	24	09:40:00	\N	\N	12:00:00	16:00:00	13:12:00
1303	2025-11-25	FERIAS		t	t	49	\N	\N	\N	\N	\N	\N
1278	2025-11-18			t	t	24	07:59:00	\N	\N	12:01:00	18:00:00	13:13:00
1279	2025-11-19			t	t	24	08:00:00	\N	\N	12:00:00	18:00:00	13:12:00
1280	2025-11-21			t	t	24	08:00:00	\N	\N	12:00:00	18:00:00	13:12:00
1281	2025-11-24			t	t	24	08:01:00	\N	\N	12:02:00	17:59:00	13:14:00
1282	2025-11-27	Atestado de comparecimento		t	t	24	08:00:00	\N	\N	12:00:00	15:30:00	13:12:00
1020	2025-11-18			t	f	29	08:00:00	\N	\N	13:12:00	18:02:00	14:24:00
1021	2025-11-19			t	f	29	08:03:00	\N	\N	12:12:00	18:01:00	14:24:00
1022	2025-11-20	FERIADO		t	f	29	\N	\N	\N	\N	\N	\N
1304	2025-11-26	FERIAS		t	t	49	\N	\N	\N	\N	\N	\N
1305	2025-11-27	FERIAS		t	t	49	\N	\N	\N	\N	\N	\N
144	2025-11-24			t	t	8	07:59:00	\N	\N	11:00:00	18:02:00	12:12:00
145	2025-11-25			t	t	8	07:59:00	\N	\N	11:00:00	18:01:00	12:12:00
146	2025-11-26			t	t	8	07:59:00	\N	\N	11:00:00	18:03:00	12:12:00
149	2025-11-30	FERIADO		t	t	8	\N	\N	\N	\N	\N	\N
1023	2025-11-21			t	f	29	08:00:00	\N	\N	13:12:00	18:05:00	14:24:00
1024	2025-11-24			t	f	29	08:00:00	\N	\N	13:12:00	18:01:00	14:24:00
1025	2025-11-25			t	f	29	08:00:00	\N	\N	13:12:00	18:04:00	14:24:00
1026	2025-11-26			t	f	29	08:05:00	\N	\N	13:12:00	18:02:00	14:24:00
1027	2025-11-27			t	f	29	08:03:00	\N	\N	13:12:00	18:02:00	14:24:00
1028	2025-11-28			t	f	29	08:02:00	\N	\N	13:12:00	18:00:00	14:24:00
1029	2025-11-30	FERIADO		t	f	29	\N	\N	\N	\N	\N	\N
1030	2025-12-01			t	f	29	08:00:00	\N	\N	13:12:00	18:00:00	14:24:00
1031	2025-12-02			t	f	29	08:03:00	\N	\N	13:12:00	18:00:00	14:24:00
1032	2025-12-03			t	f	29	08:01:00	\N	\N	13:12:00	18:01:00	14:24:00
1019	2025-11-17		ponto_assinado/Folha_Maurício_Gustavo_Oliveira_Nobre_12_2025_Assinado_Colab.pdf	t	f	29	08:00:00	\N	\N	13:12:00	18:01:00	14:24:00
1306	2025-11-28	FERIAS		t	t	49	\N	\N	\N	\N	\N	\N
941	2025-11-30	FERIADO		t	f	10	\N	\N	\N	\N	\N	\N
940	2025-11-20	FERIADO	ponto_assinado/Folha_Andréia_Pereira_dos_Santos_12_2025_Assinado_Colab.pdf	t	f	10	\N	\N	\N	\N	\N	\N
1307	2025-11-29	FERIAS		t	t	49	\N	\N	\N	\N	\N	\N
1308	2025-12-01	FERIAS		t	t	49	\N	\N	\N	\N	\N	\N
1309	2025-12-02	FERIAS		t	t	49	\N	\N	\N	\N	\N	\N
376	2025-11-17	FÉRIAS	ponto_assinado/Folha_Francisco_Pedro_Oliveira_Júnior_12_2025_Assinada_Gestor.pdf	t	t	37	\N	\N	\N	\N	\N	\N
355	2025-11-18			t	t	2	08:04:00	\N	\N	12:00:00	18:05:00	13:12:00
354	2025-11-17		ponto_assinado/Folha_Alessandro_Antônio_Vieira_12_2025_Assinada_Gestor.pdf	t	t	2	08:03:00	\N	\N	12:00:00	18:04:00	13:12:00
58	2025-11-19			t	t	56	06:53:00	\N	\N	13:00:00	17:03:00	14:12:00
59	2025-11-20	FERIADO		t	t	56	\N	\N	\N	\N	\N	\N
60	2025-11-21			t	t	56	06:53:00	\N	\N	13:00:00	17:03:00	14:12:00
377	2025-11-18	FÉRIAS		t	t	37	\N	\N	\N	\N	\N	\N
378	2025-11-19	FÉRIAS		t	t	37	\N	\N	\N	\N	\N	\N
379	2025-11-20	FERIADO		t	t	37	\N	\N	\N	\N	\N	\N
165	2025-11-21	ATESTADO MÉDICO. DENTISTA		t	t	15	\N	\N	\N	\N	\N	\N
166	2025-11-24			t	t	15	08:00:00	\N	\N	12:00:00	18:03:00	13:12:00
167	2025-11-25			t	t	15	08:02:00	\N	\N	12:00:00	18:03:00	13:12:00
161	2025-11-17	ATESTADO MÉDICO. DENTISTA	ponto_assinado/Folha_Cleiton_de_Jesus_Silva_12_2025_Assinada_Gestor.pdf	t	t	15	\N	\N	\N	\N	\N	\N
1295	2025-11-16	FERIAS	ponto_assinado/Folha_Murilo_Vinicius_Mesquita_dos_Reis_12_2025_Assinada_Gestor.pdf	t	t	49	\N	\N	\N	\N	\N	\N
50	2025-11-18			t	t	59	08:01:00	\N	\N	12:00:00	18:01:00	13:12:00
205	2025-11-25			t	t	59	08:03:00	\N	\N	12:00:00	18:03:00	13:12:00
206	2025-11-26			t	t	59	08:00:00	\N	\N	12:00:00	18:00:00	13:12:00
207	2025-11-27			t	t	59	08:02:00	\N	\N	12:00:00	18:02:00	13:12:00
208	2025-11-28			t	t	59	08:00:00	\N	\N	12:00:00	18:00:00	13:12:00
209	2025-12-01			t	t	59	08:01:00	\N	\N	12:00:00	18:01:00	13:12:00
210	2025-12-02			t	t	59	08:03:00	\N	\N	12:00:00	18:03:00	13:12:00
49	2025-11-17		ponto_assinado/Folha_Rosianne_Giminianne_da_Silva_Cardoso_12_2025_Assinada_Gestor.pdf	t	t	59	08:00:00	\N	\N	12:00:00	18:00:00	13:12:00
211	2025-12-03			t	t	59	08:00:00	\N	\N	12:00:00	18:00:00	13:12:00
336	2025-11-21			t	t	60	08:09:00	\N	\N	13:00:00	18:09:00	14:12:00
380	2025-11-21	FÉRIAS		t	t	37	\N	\N	\N	\N	\N	\N
332	2025-11-17		ponto_assinado/Folha_Rostand_Junio_do_Monte_Henriques_12_2025_Assinada_Gestor.pdf	t	t	60	08:02:00	\N	\N	13:00:00	18:02:00	14:12:00
1057	2025-12-04	atestado		t	t	39	\N	\N	\N	\N	\N	\N
1409	2025-11-18			t	t	6	08:03:00	\N	\N	12:00:00	18:03:00	13:12:00
242	2025-11-17		ponto_assinado/Folha_Josenilson_Gomes_dos_Santos_12_2025_Assinada_Gestor.pdf	t	t	35	09:00:00	\N	\N	13:00:00	19:00:00	14:12:00
381	2025-11-24	FÉRIAS		t	t	37	\N	\N	\N	\N	\N	\N
382	2025-11-25	FÉRIAS		t	t	37	\N	\N	\N	\N	\N	\N
383	2025-11-26	FÉRIAS		t	t	37	\N	\N	\N	\N	\N	\N
384	2025-11-27	FÉRIAS		t	t	37	\N	\N	\N	\N	\N	\N
385	2025-11-28	FÉRIAS		t	t	37	\N	\N	\N	\N	\N	\N
386	2025-11-30	FERIADO		t	t	37	\N	\N	\N	\N	\N	\N
387	2025-12-01	FÉRIAS		t	t	37	\N	\N	\N	\N	\N	\N
388	2025-12-02	FÉRIAS		t	t	37	\N	\N	\N	\N	\N	\N
389	2025-12-03			t	t	37	08:00:00	\N	\N	14:00:00	18:00:00	15:12:00
243	2025-11-18			t	t	35	09:02:00	\N	\N	13:00:00	19:02:00	14:12:00
244	2025-11-19			t	t	35	09:03:00	\N	\N	13:00:00	19:03:00	14:12:00
245	2025-11-20	FERIADO		t	t	35	\N	\N	\N	\N	\N	\N
246	2025-11-21			t	t	35	09:00:00	\N	\N	13:00:00	19:00:00	14:12:00
247	2025-11-24			t	t	35	09:01:00	\N	\N	13:00:00	19:01:00	14:12:00
248	2025-11-25			t	t	35	09:02:00	\N	\N	13:00:00	19:02:00	14:12:00
249	2025-11-26			t	t	35	09:03:00	\N	\N	13:00:00	19:03:00	14:12:00
250	2025-11-27			t	t	35	09:00:00	\N	\N	13:00:00	19:00:00	14:12:00
251	2025-11-28			t	t	35	09:01:00	\N	\N	13:00:00	19:01:00	14:12:00
252	2025-11-30	FERIADO		t	t	35	\N	\N	\N	\N	\N	\N
253	2025-12-01			t	t	35	09:03:00	\N	\N	13:00:00	19:03:00	14:12:00
254	2025-12-02			t	t	35	09:04:00	\N	\N	13:00:00	19:04:00	14:12:00
255	2025-12-03			t	t	35	09:01:00	\N	\N	13:00:00	19:01:00	14:12:00
256	2025-12-04			t	t	35	09:00:00	\N	\N	13:00:00	19:00:00	14:12:00
257	2025-12-05			t	t	35	09:05:00	\N	\N	13:00:00	19:05:00	14:12:00
258	2025-12-08			t	t	35	09:02:00	\N	\N	13:00:00	19:00:00	14:12:00
259	2025-12-09			t	t	35	09:05:00	\N	\N	13:00:00	19:05:00	14:12:00
260	2025-12-10			t	t	35	09:02:00	\N	\N	13:00:00	19:02:00	14:12:00
261	2025-12-11			t	t	35	09:03:00	\N	\N	13:00:00	19:03:00	14:12:00
262	2025-12-12			t	t	35	09:04:00	\N	\N	13:00:00	19:04:00	14:12:00
263	2025-12-15			t	t	35	09:00:00	\N	\N	13:00:00	19:00:00	14:12:00
619	2025-12-04			t	t	54	07:57:00	\N	\N	12:00:00	18:00:00	13:12:00
942	2025-12-03			t	f	10	08:01:00	\N	\N	12:00:00	18:01:00	13:12:00
620	2025-12-05			t	t	54	08:02:00	\N	\N	12:00:00	18:02:00	13:12:00
621	2025-12-08			t	t	54	08:00:00	\N	\N	12:00:00	18:00:00	13:12:00
622	2025-12-09			t	t	54	07:58:00	\N	\N	12:00:00	18:00:00	13:12:00
623	2025-12-10			t	t	54	08:03:00	\N	\N	12:00:00	18:03:00	13:12:00
624	2025-12-11			t	t	54	07:56:00	\N	\N	12:00:00	18:02:00	13:12:00
625	2025-12-12			t	t	54	08:00:00	\N	\N	12:00:00	18:00:00	13:12:00
626	2025-12-15			t	t	54	08:00:00	\N	\N	12:00:00	18:00:00	13:12:00
943	2025-12-04			t	f	10	08:02:00	\N	\N	12:00:00	18:02:00	13:12:00
944	2025-12-05			t	f	10	08:00:00	\N	\N	12:00:00	18:00:00	13:12:00
945	2025-12-08			t	f	10	08:00:00	\N	\N	12:00:00	18:02:00	13:12:00
946	2025-12-09			t	f	10	08:03:00	\N	\N	12:00:00	18:03:00	13:12:00
947	2025-12-10			t	f	10	08:01:00	\N	\N	12:00:00	18:01:00	13:12:00
948	2025-12-11			t	f	10	08:02:00	\N	\N	12:00:00	18:02:00	13:12:00
264	2025-12-15			t	t	56	06:50:00	\N	\N	13:00:00	17:01:00	14:12:00
334	2025-11-19			t	t	60	08:10:00	\N	\N	13:00:00	18:10:00	14:12:00
337	2025-11-24			t	t	60	08:07:00	\N	\N	13:00:00	18:07:00	14:12:00
338	2025-11-25			t	t	60	08:08:00	\N	\N	13:00:00	18:08:00	14:12:00
339	2025-11-26			t	t	60	08:01:00	\N	\N	13:00:00	18:01:00	14:12:00
340	2025-11-27			t	t	60	08:12:00	\N	\N	13:00:00	18:12:00	14:12:00
341	2025-11-28			t	t	60	08:09:00	\N	\N	13:00:00	18:09:00	14:12:00
342	2025-11-30	FERIADO		t	t	60	\N	\N	\N	\N	\N	\N
343	2025-12-01			t	t	60	08:04:00	\N	\N	13:00:00	18:04:00	14:12:00
344	2025-12-02			t	t	60	08:05:00	\N	\N	13:00:00	18:05:00	14:12:00
345	2025-12-03			t	t	60	08:07:00	\N	\N	13:00:00	18:07:00	14:12:00
346	2025-12-04			t	t	60	08:15:00	\N	\N	13:00:00	18:15:00	14:12:00
347	2025-12-05			t	t	60	08:02:00	\N	\N	13:00:00	18:02:00	14:12:00
348	2025-12-08			t	t	60	08:00:00	\N	\N	13:00:00	18:00:00	14:12:00
349	2025-12-09			t	t	60	08:10:00	\N	\N	13:00:00	18:10:00	14:12:00
350	2025-12-10			t	t	60	08:07:00	\N	\N	13:00:00	18:07:00	14:12:00
351	2025-12-11			t	t	60	08:02:00	\N	\N	13:00:00	18:02:00	14:12:00
352	2025-12-12			t	t	60	08:06:00	\N	\N	13:00:00	18:06:00	14:12:00
353	2025-12-15			t	t	60	08:05:00	\N	\N	13:00:00	18:05:00	14:12:00
289	2025-11-18			t	t	20	07:05:00	\N	\N	13:00:00	19:05:00	14:00:00
290	2025-11-19			t	t	20	07:04:00	\N	\N	13:00:00	19:04:00	14:00:00
291	2025-11-20	FERIADO		t	t	20	\N	\N	\N	\N	\N	\N
292	2025-11-21			t	t	20	07:02:00	\N	\N	13:00:00	19:02:00	14:00:00
293	2025-11-24			t	t	20	07:03:00	\N	\N	13:00:00	19:03:00	14:00:00
294	2025-11-25			t	t	20	07:05:00	\N	\N	13:00:00	19:05:00	14:00:00
295	2025-11-26			t	t	20	07:03:00	\N	\N	13:00:00	19:03:00	14:00:00
296	2025-11-27			t	t	20	07:01:00	\N	\N	13:00:00	19:01:00	14:00:00
297	2025-11-28			t	t	20	07:03:00	\N	\N	13:00:00	19:03:00	14:00:00
298	2025-11-30	FERIADO		t	t	20	\N	\N	\N	\N	\N	\N
299	2025-12-01			t	t	20	07:05:00	\N	\N	13:00:00	19:05:00	14:00:00
300	2025-12-02			t	t	20	07:02:00	\N	\N	13:00:00	19:02:00	14:00:00
301	2025-12-03			t	t	20	07:03:00	\N	\N	13:00:00	19:03:00	14:00:00
302	2025-12-04			t	t	20	07:04:00	\N	\N	13:00:00	19:04:00	14:00:00
303	2025-12-05			t	t	20	07:02:00	\N	\N	13:00:00	19:02:00	14:00:00
304	2025-12-08			t	t	20	07:05:00	\N	\N	13:00:00	19:05:00	14:00:00
305	2025-12-09			t	t	20	07:04:00	\N	\N	13:00:00	19:04:00	14:00:00
306	2025-12-10			t	t	20	07:05:00	\N	\N	13:00:00	19:05:00	14:00:00
307	2025-12-11			t	t	20	07:01:00	\N	\N	13:00:00	19:01:00	14:00:00
308	2025-12-12			t	t	20	07:03:00	\N	\N	13:00:00	19:03:00	14:00:00
309	2025-12-15			t	t	20	07:04:00	\N	\N	13:00:00	19:04:00	14:00:00
288	2025-11-17		ponto_assinado/Folha_Filipe_Alves_dos_Santos_12_2025_Assinada_Gestor.pdf	t	t	20	07:03:00	\N	\N	13:00:00	19:03:00	14:00:00
390	2025-12-04			t	t	37	08:02:00	\N	\N	14:00:00	18:02:00	15:12:00
391	2025-12-05			t	t	37	08:04:00	\N	\N	14:00:00	18:04:00	15:12:00
392	2025-12-08			t	t	37	08:01:00	\N	\N	14:00:00	18:01:00	15:12:00
393	2025-12-09			t	t	37	08:03:00	\N	\N	14:00:00	18:03:00	15:12:00
394	2025-12-10			t	t	37	08:05:00	\N	\N	14:00:00	18:05:00	15:12:00
395	2025-12-11			t	t	37	08:00:00	\N	\N	14:00:00	18:00:00	15:12:00
396	2025-12-12	ATESTADO DE COMPARECIMENTO		t	t	37	08:01:00	\N	\N	14:00:00	16:00:00	15:12:00
397	2025-12-15			t	t	37	08:03:00	\N	\N	14:00:00	18:03:00	15:12:00
1424	2025-12-08			t	t	6	08:03:00	\N	\N	12:00:00	18:03:00	13:12:00
374	2025-12-12			t	t	2	08:01:00	\N	\N	12:00:00	18:02:00	13:12:00
398	2025-11-17		ponto_assinado/Folha_Paulo_Fernando_Vieira_Rogerio_12_2025_Assinada_Gestor.pdf	t	t	53	08:59:00	\N	\N	12:10:00	19:02:00	13:27:00
375	2025-12-15			t	t	2	08:03:00	\N	\N	12:00:00	18:04:00	13:12:00
399	2025-11-18			t	t	53	08:58:00	\N	\N	12:10:00	19:01:00	13:27:00
400	2025-11-19			t	t	53	08:57:00	\N	\N	12:10:00	19:04:00	13:27:00
401	2025-11-20	FERIADO		t	t	53	\N	\N	\N	\N	\N	\N
402	2025-11-21			t	t	53	08:58:00	\N	\N	12:10:00	19:02:00	13:27:00
403	2025-11-24			t	t	53	08:57:00	\N	\N	12:10:00	19:03:00	13:27:00
404	2025-11-25			t	t	53	08:59:00	\N	\N	12:10:00	19:02:00	13:27:00
405	2025-11-26			t	t	53	08:58:00	\N	\N	12:10:00	19:01:00	13:27:00
406	2025-11-27			t	t	53	08:59:00	\N	\N	12:10:00	19:03:00	13:27:00
407	2025-11-28			t	t	53	08:57:00	\N	\N	12:10:00	19:02:00	13:27:00
408	2025-11-30	FERIADO		t	t	53	\N	\N	\N	\N	\N	\N
409	2025-12-01			t	t	53	08:57:00	\N	\N	12:10:00	19:01:00	13:27:00
410	2025-12-02			t	t	53	08:58:00	\N	\N	12:10:00	19:02:00	13:27:00
1066	2025-11-17		ponto_assinado/Folha_Leandro_Barbosa_da_Silva_12_2025_Assinada_Gestor.pdf	t	t	40	07:00:00	\N	\N	12:00:00	17:00:00	13:12:00
1062	2025-12-11			t	t	39	08:00:00	\N	\N	14:00:00	18:00:00	15:12:00
1283	2025-11-28			t	t	24	08:00:00	\N	\N	12:00:00	18:00:00	13:12:00
951	2025-11-20	FERIADO		t	t	40	\N	\N	\N	\N	\N	\N
1284	2025-12-01			t	t	24	08:00:00	\N	\N	11:59:00	18:00:00	13:11:00
1067	2025-11-18			t	t	40	07:01:00	\N	\N	12:00:00	17:01:00	13:12:00
952	2025-11-30	FERIADO		t	t	40	\N	\N	\N	\N	\N	\N
1285	2025-12-02	Atestado de comparecimento		t	t	24	07:59:00	\N	\N	12:00:00	15:30:00	13:12:00
1286	2025-12-03	Atestado de comparecimento		t	t	24	10:00:00	\N	\N	12:01:00	18:00:00	13:13:00
1287	2025-12-04			t	t	24	08:00:00	\N	\N	12:00:00	18:00:00	13:12:00
1339	2025-11-23			f	f	75	00:05:00	\N	\N	00:00:00	00:00:00	00:00:00
1340	2025-11-24			f	f	75	08:01:00	\N	\N	12:00:00	18:01:00	13:12:00
1341	2025-11-25			f	f	75	08:02:00	\N	\N	12:00:00	18:02:00	13:12:00
1342	2025-11-26			f	f	75	08:01:00	\N	\N	12:00:00	18:00:00	13:12:00
1343	2025-11-27			f	f	75	08:03:00	\N	\N	12:00:00	18:01:00	13:12:00
1344	2025-11-28			f	f	75	08:02:00	\N	\N	12:00:00	18:02:00	13:12:00
1345	2025-11-29			f	f	75	00:00:00	\N	\N	00:00:00	00:00:00	00:00:00
411	2025-12-03			t	t	53	08:59:00	\N	\N	12:10:00	19:04:00	13:27:00
412	2025-12-04			t	t	53	08:58:00	\N	\N	12:10:00	19:03:00	13:27:00
413	2025-12-05			t	t	53	08:59:00	\N	\N	12:10:00	19:02:00	13:27:00
414	2025-12-06	PLANTÃO		t	t	53	06:59:00	\N	\N	12:10:00	19:01:00	13:27:00
415	2025-12-08			t	t	53	08:57:00	\N	\N	12:10:00	19:02:00	13:27:00
416	2025-12-09			t	t	53	08:59:00	\N	\N	12:10:00	19:03:00	13:27:00
417	2025-12-10			t	t	53	08:57:00	\N	\N	12:10:00	19:01:00	13:27:00
418	2025-12-11			t	t	53	08:59:00	\N	\N	12:10:00	19:02:00	13:27:00
419	2025-12-12			t	t	53	08:58:00	\N	\N	12:10:00	19:04:00	13:27:00
420	2025-12-15			t	t	53	08:59:00	\N	\N	12:10:00	19:03:00	13:27:00
1426	2025-12-10			t	t	6	08:02:00	\N	\N	12:00:00	18:02:00	13:12:00
1427	2025-12-11			t	t	6	08:04:00	\N	\N	12:00:00	18:04:00	13:12:00
1428	2025-12-12			t	t	6	08:05:00	\N	\N	12:00:00	18:05:00	13:12:00
1429	2025-12-15			t	t	6	08:02:00	\N	\N	12:00:00	18:02:00	13:12:00
147	2025-11-27			t	t	8	07:58:00	\N	\N	11:00:00	18:00:00	12:12:00
892	2025-11-30	FERIADO		t	t	19	\N	\N	\N	\N	\N	\N
891	2025-11-20	FERIADO	ponto_assinado/Folha_Jhekson_Elias_Martins_12_2025_Assinada_Gestor.pdf	t	t	19	\N	\N	\N	\N	\N	\N
148	2025-11-28			t	t	8	07:56:00	\N	\N	11:00:00	18:01:00	12:12:00
1011	2025-12-04			t	t	36	08:04:00	\N	\N	12:00:00	18:04:00	13:12:00
1012	2025-12-05			t	t	36	08:05:00	\N	\N	12:00:00	18:05:00	13:12:00
1013	2025-12-08	ATESTADO DE COMPARECIMENTO		t	t	36	08:03:00	\N	\N	12:00:00	15:50:00	13:12:00
1015	2025-12-10	ATESTADO		t	t	36	\N	\N	\N	\N	\N	\N
1016	2025-12-11	ATESTADO		t	t	36	\N	\N	\N	\N	\N	\N
1017	2025-12-12			t	t	36	08:05:00	\N	\N	12:00:00	18:05:00	13:12:00
1018	2025-12-15	ATESTADO DE COMPARECIMENTO		t	t	36	08:01:00	\N	\N	12:00:00	13:40:00	13:12:00
491	2025-11-16	plantão beep		f	f	27	\N	08:00:00	18:00:00	\N	\N	\N
492	2025-11-17			f	f	27	07:57:00	\N	\N	12:00:00	17:58:00	13:12:00
493	2025-11-18			f	f	27	07:56:00	\N	\N	12:00:00	17:57:00	13:12:00
494	2025-11-19			f	f	27	07:59:00	\N	\N	12:00:00	18:01:00	13:12:00
495	2025-11-20	FERIADO		f	f	27	08:00:00	\N	\N	10:00:00	\N	\N
496	2025-11-21			f	f	27	07:57:00	\N	\N	12:00:00	17:58:00	13:12:00
497	2025-11-24			f	f	27	07:59:00	\N	\N	12:00:00	18:01:00	13:12:00
1078	2025-12-04			t	t	40	07:01:00	\N	\N	12:00:00	17:01:00	13:12:00
498	2025-11-25			f	f	27	07:58:00	\N	\N	12:00:00	17:59:00	13:12:00
499	2025-11-26			f	f	27	07:56:00	\N	\N	12:00:00	17:57:00	13:12:00
500	2025-11-27			f	f	27	08:01:00	\N	\N	12:00:00	18:02:00	13:12:00
487	2025-11-16	FÉRIAS		f	f	16	\N	\N	\N	\N	\N	\N
465	2025-11-17	FÉRIAS		f	f	16	\N	\N	\N	\N	\N	\N
466	2025-11-18	FÉRIAS		f	f	16	\N	\N	\N	\N	\N	\N
467	2025-11-19	FÉRIAS		f	f	16	\N	\N	\N	\N	\N	\N
468	2025-11-20	FÉRIAS		f	f	16	\N	\N	\N	\N	\N	\N
469	2025-11-21	FÉRIAS		f	f	16	\N	\N	\N	\N	\N	\N
488	2025-11-22	FÉRIAS		f	f	16	\N	\N	\N	\N	\N	\N
489	2025-11-23	FÉRIAS		f	f	16	\N	\N	\N	\N	\N	\N
470	2025-11-24	FÉRIAS		f	f	16	\N	\N	\N	\N	\N	\N
471	2025-11-25	FÉRIAS		f	f	16	\N	\N	\N	\N	\N	\N
472	2025-11-26	FÉRIAS		f	f	16	\N	\N	\N	\N	\N	\N
473	2025-11-27	FÉRIAS		f	f	16	\N	\N	\N	\N	\N	\N
474	2025-11-28	FÉRIAS		f	f	16	\N	\N	\N	\N	\N	\N
490	2025-11-29	FÉRIAS		f	f	16	\N	\N	\N	\N	\N	\N
475	2025-11-30	FÉRIAS		f	f	16	\N	\N	\N	\N	\N	\N
476	2025-12-01	FÉRIAS		f	f	16	\N	\N	\N	\N	\N	\N
477	2025-12-02	FÉRIAS		f	f	16	\N	\N	\N	\N	\N	\N
478	2025-12-03			f	f	16	08:01:00	\N	\N	12:00:00	18:02:00	13:12:00
479	2025-12-04			f	f	16	08:02:00	\N	\N	12:00:00	18:03:00	13:12:00
480	2025-12-05			f	f	16	08:03:00	\N	\N	12:00:00	18:04:00	13:12:00
481	2025-12-08			f	f	16	08:01:00	\N	\N	12:00:00	18:05:00	13:12:00
482	2025-12-09			f	f	16	08:02:00	\N	\N	12:00:00	18:04:00	13:12:00
483	2025-12-10			f	f	16	08:04:00	\N	\N	12:00:00	18:03:00	13:12:00
484	2025-12-11			f	f	16	08:03:00	\N	\N	12:00:00	18:02:00	13:12:00
485	2025-12-12			f	f	16	08:05:00	\N	\N	12:00:00	18:01:00	13:12:00
486	2025-12-15			f	f	16	08:02:00	\N	\N	12:00:00	18:03:00	13:12:00
501	2025-11-28			f	f	27	07:57:00	\N	\N	12:00:00	17:58:00	13:12:00
502	2025-11-29	plantão beep		f	f	27	\N	08:00:00	18:00:00	\N	\N	\N
1432	2025-11-18			t	t	52	08:02:00	\N	\N	12:05:00	18:02:00	13:17:00
1434	2025-11-20	FERIADO		t	t	52	\N	\N	\N	\N	\N	\N
453	2025-11-30	FERIADO		t	f	23	\N	\N	\N	\N	\N	\N
454	2025-12-01			t	f	23	08:00:00	\N	\N	12:00:00	18:00:00	13:12:00
830	2025-11-30	FERIADO		t	t	47	\N	\N	\N	\N	\N	\N
831	2025-12-01			t	t	47	08:05:00	\N	\N	12:00:00	18:05:00	13:12:00
139	2025-11-17		ponto_assinado/Folha_Antônio_Marcos_de_Araújo_12_2025_Assinada_Gestor.pdf	t	t	8	07:55:00	\N	\N	11:00:00	18:03:00	12:12:00
1042	2025-11-17		ponto_assinado/Folha_Leilane_Mendes_de_Freitas_Oliveira_12_2025_Assinada_Gestor.pdf	t	t	39	08:00:00	\N	\N	14:00:00	18:00:00	15:12:00
562	2025-11-20	FERIADO		t	t	32	\N	\N	\N	\N	\N	\N
587	2025-11-19			t	t	32	08:02:00	\N	\N	13:00:00	18:02:00	14:12:00
588	2025-11-21			t	t	32	07:58:00	\N	\N	13:00:00	17:58:00	14:12:00
589	2025-11-22	Plantão Beep WO78553525		t	t	32	\N	12:00:00	18:00:00	\N	\N	\N
590	2025-11-24			t	t	32	07:59:00	\N	\N	13:00:00	17:59:00	14:12:00
591	2025-11-25			t	t	32	08:01:00	\N	\N	13:00:00	18:01:00	14:12:00
592	2025-11-26			t	t	32	07:58:00	\N	\N	13:00:00	17:58:00	14:12:00
1129	2025-12-15			t	t	55	09:01:00	\N	\N	14:00:00	19:01:00	15:12:00
542	2025-11-20	FERIADO		t	t	30	\N	\N	\N	\N	\N	\N
550	2025-12-01			t	t	30	08:00:00	\N	\N	12:00:00	18:00:00	13:12:00
551	2025-12-02			t	t	30	08:03:00	\N	\N	12:00:00	18:03:00	13:12:00
552	2025-12-03			t	t	30	08:05:00	\N	\N	12:00:00	18:05:00	13:12:00
553	2025-12-04			t	t	30	08:03:00	\N	\N	12:00:00	18:03:00	13:12:00
554	2025-12-05			t	t	30	08:00:00	\N	\N	12:00:00	18:00:00	13:12:00
555	2025-12-08			t	t	30	08:05:00	\N	\N	12:00:00	18:05:00	13:12:00
503	2025-11-30	FERIADO		f	f	27	\N	08:00:00	18:00:00	\N	\N	\N
504	2025-12-01			f	f	27	07:56:00	\N	\N	12:00:00	17:57:00	13:12:00
505	2025-12-02			f	f	27	08:01:00	\N	\N	12:00:00	18:02:00	13:12:00
506	2025-12-03			f	f	27	07:59:00	\N	\N	12:00:00	18:01:00	13:12:00
507	2025-12-04			f	f	27	07:57:00	\N	\N	12:00:00	17:58:00	13:12:00
508	2025-12-05			f	f	27	07:58:00	\N	\N	12:00:00	17:59:00	13:12:00
509	2025-12-08			f	f	27	07:58:00	\N	\N	12:00:00	17:59:00	13:12:00
510	2025-12-09			f	f	27	07:56:00	\N	\N	12:00:00	17:57:00	13:12:00
539	2025-11-17		ponto_assinado/Folha_Bruno_Rocha_dos_Santos_12_2025_Assinada_Gestor.pdf	t	t	30	08:00:00	\N	\N	12:00:00	18:00:00	13:12:00
1043	2025-11-18			t	t	39	08:00:00	\N	\N	14:00:00	18:00:00	15:12:00
1044	2025-11-19			t	t	39	08:00:00	\N	\N	14:00:00	18:00:00	15:12:00
1045	2025-11-20	FERIADO		t	t	39	\N	\N	\N	\N	\N	\N
1046	2025-11-21			t	t	39	08:00:00	\N	\N	14:00:00	18:00:00	15:12:00
1047	2025-11-23	plantão		t	t	39	07:00:00	\N	\N	13:00:00	19:00:00	14:00:00
1048	2025-11-24			t	t	39	08:00:00	\N	\N	14:00:00	18:00:00	15:12:00
1049	2025-11-25			t	t	39	08:00:00	\N	\N	14:00:00	18:00:00	15:12:00
1050	2025-11-26	declaração de comparecimento		t	t	39	08:00:00	\N	\N	10:00:00	18:00:00	11:30:00
1068	2025-11-19			t	t	40	06:59:00	\N	\N	12:00:00	17:00:00	13:12:00
1069	2025-11-21			t	t	40	07:01:00	\N	\N	12:00:00	17:01:00	13:12:00
1070	2025-11-24			t	t	40	07:00:00	\N	\N	12:00:00	17:00:00	13:12:00
1071	2025-11-25			t	t	40	07:01:00	\N	\N	12:00:00	17:01:00	13:12:00
1072	2025-11-26			t	t	40	06:59:00	\N	\N	12:00:00	17:00:00	13:12:00
1073	2025-11-27			t	t	40	07:00:00	\N	\N	12:00:00	17:00:00	13:12:00
1074	2025-11-28			t	t	40	07:01:00	\N	\N	12:00:00	17:01:00	13:12:00
1075	2025-12-01			t	t	40	07:00:00	\N	\N	12:00:00	17:00:00	13:12:00
1076	2025-12-02			t	t	40	07:01:00	\N	\N	12:00:00	17:01:00	13:12:00
1077	2025-12-03			t	t	40	07:00:00	\N	\N	12:00:00	17:00:00	13:12:00
1079	2025-12-05			t	t	40	07:00:00	\N	\N	12:00:00	17:00:00	13:12:00
1080	2025-12-08			t	t	40	07:00:00	\N	\N	12:00:00	17:00:00	13:12:00
1081	2025-12-09			t	t	40	07:01:00	\N	\N	12:00:00	17:01:00	13:12:00
1082	2025-12-10			t	t	40	07:00:00	\N	\N	12:00:00	17:00:00	13:12:00
1083	2025-12-11			t	t	40	07:01:00	\N	\N	12:00:00	17:01:00	13:12:00
1084	2025-12-12			t	t	40	06:59:00	\N	\N	12:00:00	17:00:00	13:12:00
1085	2025-12-15			t	t	40	07:01:00	\N	\N	12:00:00	17:01:00	13:12:00
511	2025-12-10			f	f	27	07:59:00	\N	\N	12:00:00	18:01:00	13:12:00
512	2025-12-11			f	f	27	07:57:00	\N	\N	12:00:00	17:58:00	13:12:00
513	2025-12-12			f	f	27	08:01:00	\N	\N	12:00:00	18:02:00	13:12:00
514	2025-12-13	plantão beep		f	f	27	\N	08:00:00	18:00:00	\N	\N	\N
515	2025-12-14	plantão beep		f	f	27	\N	08:00:00	18:00:00	\N	\N	\N
516	2025-12-15			f	f	27	07:59:00	\N	\N	12:00:00	18:01:00	13:12:00
1346	2025-11-30	FERIADO		f	f	75	00:00:00	\N	\N	00:00:00	00:00:00	00:00:00
1347	2025-12-01			f	f	75	08:01:00	\N	\N	12:00:00	18:00:00	13:12:00
1348	2025-12-02			f	f	75	08:05:00	\N	\N	12:00:00	18:02:00	13:12:00
1349	2025-12-03			f	f	75	08:04:00	\N	\N	12:00:00	18:00:00	13:12:00
1350	2025-12-04			f	f	75	08:05:00	\N	\N	12:00:00	18:01:00	13:12:00
1351	2025-12-05			f	f	75	08:01:00	\N	\N	12:00:00	18:02:00	13:12:00
1352	2025-12-06			f	f	75	00:00:00	\N	\N	00:00:00	00:00:00	00:00:00
1353	2025-12-07			f	f	75	00:00:00	\N	\N	00:00:00	00:00:00	00:00:00
1354	2025-12-08			f	f	75	08:01:00	\N	\N	12:00:00	18:02:00	13:12:00
1355	2025-12-09			f	f	75	08:02:00	\N	\N	12:00:00	18:00:00	13:12:00
1356	2025-12-10			f	f	75	08:01:00	\N	\N	12:00:00	18:01:00	13:12:00
1357	2025-12-11			f	f	75	08:03:00	\N	\N	12:00:00	18:02:00	13:12:00
605	2025-11-17		ponto_assinado/Folha_Pedro_Henrique_Sena_Gonçalves_12_2025_Assinada_Gestor.pdf	t	t	54	08:00:00	\N	\N	12:00:00	18:00:00	13:12:00
893	2025-11-20	FERIADO		t	t	55	\N	\N	\N	\N	\N	\N
894	2025-11-30	FERIADO		t	t	55	\N	\N	\N	\N	\N	\N
1232	2025-11-20	FERIAS		t	t	49	\N	\N	\N	\N	\N	\N
1242	2025-11-30	FERIAS		t	t	49	\N	\N	\N	\N	\N	\N
1245	2025-12-03			t	t	49	08:03:00	\N	\N	12:00:00	18:05:00	13:12:00
627	2025-11-16			f	f	7	08:03:00	\N	\N	12:00:00	18:05:00	13:12:00
628	2025-11-20	FERIADO		f	f	7	\N	\N	\N	\N	\N	\N
629	2025-11-30	FERIADO		f	f	7	\N	\N	\N	\N	\N	\N
1246	2025-12-04			t	t	49	08:03:00	\N	\N	12:00:00	18:02:00	13:12:00
1247	2025-12-05			t	t	49	08:01:00	\N	\N	12:00:00	18:01:00	13:12:00
1248	2025-12-08			t	t	49	08:03:00	\N	\N	12:00:00	18:03:00	13:12:00
1249	2025-12-09			t	t	49	08:06:00	\N	\N	12:00:00	18:01:00	13:12:00
1250	2025-12-10			t	t	49	08:01:00	\N	\N	12:00:00	18:03:00	13:12:00
1251	2025-12-11			t	t	49	08:05:00	\N	\N	12:00:00	18:03:00	13:12:00
1252	2025-12-12			t	t	49	08:10:00	\N	\N	12:00:00	18:05:00	13:12:00
1253	2025-12-15			t	t	49	08:01:00	\N	\N	12:00:00	18:00:00	13:12:00
653	2025-11-18			t	t	61	12:00:00	\N	\N	16:00:00	22:00:00	17:12:00
654	2025-11-19			t	t	61	12:02:00	\N	\N	16:00:00	22:02:00	17:12:00
655	2025-11-20	FERIADO		t	t	61	\N	\N	\N	\N	\N	\N
656	2025-11-21			t	t	61	12:05:00	\N	\N	16:00:00	22:05:00	17:12:00
657	2025-11-24			t	t	61	12:05:00	\N	\N	16:00:00	22:05:00	17:12:00
658	2025-11-25			t	t	61	12:07:00	\N	\N	16:00:00	22:07:00	17:12:00
659	2025-11-26			t	t	61	12:03:00	\N	\N	16:00:00	22:03:00	17:12:00
660	2025-11-27			t	t	61	12:00:00	\N	\N	16:00:00	22:00:00	17:12:00
661	2025-11-28			t	t	61	12:04:00	\N	\N	16:00:00	22:04:00	17:12:00
1087	2025-11-18			t	f	45	08:01:00	\N	\N	14:00:00	18:01:00	15:12:00
1088	2025-11-19			t	f	45	08:30:00	\N	\N	14:00:00	18:00:00	15:12:00
1089	2025-11-20	FERIADO		t	f	45	\N	\N	\N	\N	\N	\N
1090	2025-11-21			t	f	45	08:02:00	\N	\N	14:00:00	18:02:00	15:12:00
1091	2025-11-24			t	f	45	08:01:00	\N	\N	14:00:00	18:01:00	15:12:00
1092	2025-11-25			t	f	45	08:20:00	\N	\N	14:00:00	18:00:00	15:12:00
1093	2025-11-26			t	f	45	08:08:00	\N	\N	14:00:00	18:00:00	15:12:00
1094	2025-11-27			t	f	45	08:18:00	\N	\N	14:00:00	18:00:00	15:12:00
662	2025-11-30	FERIADO		t	t	61	\N	\N	\N	\N	\N	\N
1095	2025-11-28			t	f	45	08:08:00	\N	\N	14:00:00	18:00:00	15:12:00
1097	2025-11-30	FERIADO		t	f	45	\N	\N	\N	\N	\N	\N
663	2025-12-01			t	t	61	12:05:00	\N	\N	16:00:00	22:05:00	17:12:00
664	2025-12-02			t	t	61	12:00:00	\N	\N	16:00:00	22:00:00	17:12:00
665	2025-12-03			t	t	61	12:05:00	\N	\N	16:00:00	22:00:00	17:12:00
652	2025-11-17		ponto_assinado/Folha_Rubiney_Marques_12_2025_Assinada_Gestor.pdf	t	t	61	12:01:00	\N	\N	16:00:00	22:01:00	17:12:00
593	2025-11-27			t	t	32	08:02:00	\N	\N	13:00:00	18:02:00	14:12:00
594	2025-11-28			t	t	32	08:01:00	\N	\N	13:00:00	18:01:00	14:12:00
563	2025-11-30	FERIADO		t	t	32	\N	\N	\N	\N	\N	\N
595	2025-12-01			t	t	32	08:01:00	\N	\N	13:00:00	18:01:00	14:12:00
596	2025-12-02			t	t	32	07:59:00	\N	\N	13:00:00	17:59:00	14:12:00
597	2025-12-03			t	t	32	08:02:00	\N	\N	13:00:00	18:02:00	14:12:00
606	2025-11-18			t	t	54	08:01:00	\N	\N	12:00:00	18:01:00	13:12:00
607	2025-11-19			t	t	54	07:59:00	\N	\N	12:00:00	18:00:00	13:12:00
608	2025-11-20	FERIADO		t	t	54	\N	\N	\N	\N	\N	\N
609	2025-11-21			t	t	54	08:00:00	\N	\N	12:00:00	18:00:00	13:12:00
610	2025-11-24	WO0000078611021		t	t	54	07:58:00	18:01:00	20:01:00	12:00:00	18:00:00	13:12:00
611	2025-11-25	WO0000078611025		t	t	54	08:00:00	18:01:00	19:01:00	12:00:00	18:00:00	13:12:00
612	2025-11-26			t	t	54	08:03:00	\N	\N	12:00:00	18:03:00	13:12:00
613	2025-11-27			t	t	54	08:01:00	\N	\N	12:00:00	18:01:00	13:12:00
614	2025-11-28			t	t	54	08:00:00	\N	\N	12:00:00	18:00:00	13:12:00
615	2025-11-30	FERIADO		t	t	54	\N	\N	\N	\N	\N	\N
616	2025-12-01			t	t	54	07:55:00	\N	\N	12:00:00	18:00:00	13:12:00
617	2025-12-02			t	t	54	07:59:00	\N	\N	12:00:00	18:00:00	13:12:00
618	2025-12-03			t	t	54	08:00:00	\N	\N	12:00:00	18:00:00	13:12:00
1108	2025-12-13	PLANTÃO		t	f	45	07:00:00	\N	\N	14:00:00	19:00:00	15:12:00
1109	2025-12-15			t	f	45	08:06:00	\N	\N	14:00:00	18:00:00	15:12:00
1096	2025-11-29	PLANTÃO		t	f	45	07:00:00	\N	\N	14:00:00	17:30:00	15:12:00
1086	2025-11-17		ponto_assinado/Folha_Lucas_Massayoshi_da_Cruz_Taira_12_2025_Assinado_Colab.pdf	t	f	45	08:00:00	\N	\N	14:00:00	18:00:00	15:12:00
981	2025-11-25			t	t	41	08:02:00	\N	\N	14:00:00	18:02:00	15:12:00
982	2025-11-26			t	t	41	08:01:00	\N	\N	14:00:00	18:01:00	15:12:00
689	2025-11-17			f	f	14	19:02:00	\N	\N	00:00:00	07:02:00	01:00:00
690	2025-11-19			f	f	14	19:05:00	\N	\N	00:00:00	07:05:00	01:00:00
691	2025-11-20	FERIADO		f	f	14	\N	\N	\N	\N	\N	\N
692	2025-11-21			f	f	14	19:03:00	\N	\N	00:00:00	07:03:00	01:00:00
693	2025-11-23			f	f	14	19:01:00	\N	\N	00:00:00	07:01:00	01:00:00
694	2025-11-25			f	f	14	19:04:00	\N	\N	00:00:00	07:04:00	01:00:00
695	2025-11-27			f	f	14	19:02:00	\N	\N	00:00:00	07:02:00	01:00:00
696	2025-11-29			f	f	14	19:05:00	\N	\N	00:00:00	07:05:00	01:00:00
697	2025-11-30	FERIADO		f	f	14	\N	\N	\N	\N	\N	\N
698	2025-12-01			f	f	14	19:03:00	\N	\N	00:00:00	07:03:00	01:00:00
699	2025-12-03			f	f	14	19:01:00	\N	\N	00:00:00	07:01:00	01:00:00
1313	2025-11-20	FERIADO		t	t	76	\N	\N	\N	\N	\N	\N
666	2025-12-04			t	t	61	12:03:00	\N	\N	16:00:00	22:03:00	17:12:00
667	2025-12-05			t	t	61	12:02:00	\N	\N	16:00:00	22:02:00	17:12:00
668	2025-12-08			t	t	61	12:02:00	\N	\N	16:00:00	22:02:00	17:12:00
671	2025-12-11			t	t	61	12:00:00	\N	\N	16:00:00	22:00:00	17:12:00
669	2025-12-09			t	t	61	12:05:00	\N	\N	16:00:00	22:05:00	17:12:00
1435	2025-11-21			t	t	52	08:01:00	\N	\N	12:09:00	18:01:00	13:21:00
1436	2025-11-24			t	t	52	08:03:00	\N	\N	12:06:00	18:03:00	13:18:00
1437	2025-11-25			t	t	52	08:00:00	\N	\N	12:18:00	18:00:00	13:30:00
700	2025-12-05			f	f	14	19:04:00	\N	\N	00:00:00	07:04:00	01:00:00
701	2025-12-07			f	f	14	19:02:00	\N	\N	00:00:00	07:02:00	01:00:00
702	2025-12-09			f	f	14	19:05:00	\N	\N	00:00:00	07:05:00	01:00:00
703	2025-12-11			f	f	14	19:03:00	\N	\N	00:00:00	07:03:00	01:00:00
704	2025-12-13			f	f	14	19:01:00	\N	\N	00:00:00	07:01:00	01:00:00
705	2025-12-15			f	f	14	19:04:00	\N	\N	00:00:00	07:04:00	01:00:00
1438	2025-11-26			t	t	52	08:04:00	\N	\N	12:10:00	18:04:00	13:22:00
1433	2025-11-19			t	t	52	08:03:00	\N	\N	12:01:00	18:03:00	13:13:00
670	2025-12-10			t	t	61	12:03:00	\N	\N	16:00:00	22:03:00	17:12:00
1146	2025-12-08			t	f	63	08:00:00	\N	\N	13:00:00	18:00:00	14:12:00
1147	2025-12-09			t	f	63	07:59:00	\N	\N	13:00:00	18:00:00	14:12:00
1148	2025-12-10			t	f	63	08:00:00	\N	\N	13:00:00	18:00:00	14:12:00
983	2025-11-27			t	t	41	08:05:00	\N	\N	14:00:00	18:05:00	15:12:00
1131	2025-11-18	ATESTADO		t	f	63	\N	\N	\N	\N	\N	\N
1132	2025-11-19	ATESTADO		t	f	63	\N	\N	\N	\N	\N	\N
1133	2025-11-20	FERIADO		t	f	63	\N	\N	\N	\N	\N	\N
1134	2025-11-21	ATESTADO		t	f	63	\N	\N	\N	\N	\N	\N
1135	2025-11-24	ATESTADO		t	f	63	\N	\N	\N	\N	\N	\N
1136	2025-11-25	ATESTADO COMPARECIMENTO		t	f	63	12:00:00	\N	\N	13:00:00	18:00:00	14:12:00
1137	2025-11-26	ATESTADO		t	f	63	\N	\N	\N	\N	\N	\N
1130	2025-11-17	ATESTADO	ponto_assinado/Folha_Thayla_Lorranny_da_Silva_Pereira_12_2025_Assinado_Colab.pdf	t	f	63	\N	\N	\N	\N	\N	\N
1264	2025-12-02			t	t	1	08:03:00	\N	\N	13:00:00	18:03:00	14:12:00
1265	2025-12-03			t	t	1	08:02:00	\N	\N	13:00:00	18:02:00	14:12:00
1266	2025-12-04			t	t	1	08:01:00	\N	\N	13:00:00	18:01:00	14:12:00
1267	2025-12-05			t	t	1	08:05:00	\N	\N	13:00:00	18:05:00	14:12:00
1268	2025-12-08			t	t	1	08:02:00	\N	\N	13:00:00	18:02:00	14:12:00
1269	2025-12-09			t	t	1	08:04:00	\N	\N	13:00:00	18:04:00	14:12:00
1270	2025-12-10			t	t	1	08:01:00	\N	\N	13:00:00	18:01:00	14:12:00
1271	2025-12-11			t	t	1	08:04:00	\N	\N	13:00:00	18:04:00	14:12:00
1272	2025-12-12			t	t	1	08:03:00	\N	\N	13:00:00	18:03:00	14:12:00
984	2025-11-28			t	t	41	08:04:00	\N	\N	14:00:00	18:04:00	15:12:00
720	2025-12-15			t	t	32	08:01:00	\N	\N	13:00:00	18:01:00	14:12:00
561	2025-11-17		ponto_assinado/Folha_José_Charles_Ribeiro_da_Rocha_Valente_12_2025_Assinada_Gestor.pdf	t	t	32	08:01:00	\N	\N	13:00:00	18:01:00	14:12:00
556	2025-12-09			t	t	30	08:03:00	\N	\N	12:00:00	18:03:00	13:12:00
557	2025-12-10			t	t	30	08:02:00	\N	\N	12:00:00	18:02:00	13:12:00
558	2025-12-11			t	t	30	08:05:00	\N	\N	12:00:00	18:05:00	13:12:00
559	2025-12-12			t	t	30	08:04:00	\N	\N	12:00:00	18:04:00	13:12:00
560	2025-12-15			t	t	30	08:04:00	\N	\N	12:00:00	18:04:00	13:12:00
985	2025-11-30	FERIADO		t	t	41	\N	\N	\N	\N	\N	\N
986	2025-12-01			t	t	41	08:02:00	\N	\N	14:00:00	18:02:00	15:12:00
987	2025-12-02			t	t	41	08:03:00	\N	\N	14:00:00	18:03:00	15:12:00
988	2025-12-03			t	t	41	08:01:00	\N	\N	14:00:00	18:01:00	15:12:00
989	2025-12-04			t	t	41	08:04:00	\N	\N	14:00:00	18:04:00	15:12:00
990	2025-12-05			t	t	41	08:02:00	\N	\N	14:00:00	18:02:00	15:12:00
991	2025-12-08			t	t	41	08:03:00	\N	\N	14:00:00	18:03:00	15:12:00
992	2025-12-09			t	t	41	08:04:00	\N	\N	14:00:00	18:04:00	15:12:00
993	2025-12-10			t	t	41	08:03:00	\N	\N	14:00:00	18:03:00	15:12:00
978	2025-11-20	FERIADO		t	t	41	\N	\N	\N	\N	\N	\N
1273	2025-12-15			t	t	1	08:02:00	\N	\N	13:00:00	18:02:00	14:12:00
1358	2025-12-12			f	f	75	08:02:00	\N	\N	12:00:00	18:01:00	13:12:00
150	2025-12-01			t	t	8	07:57:00	\N	\N	11:00:00	18:05:00	12:12:00
151	2025-12-02			t	t	8	07:57:00	\N	\N	11:00:00	18:03:00	12:12:00
1033	2025-12-04			t	f	29	08:00:00	\N	\N	13:12:00	18:00:00	14:24:00
1034	2025-12-05			t	f	29	08:00:00	\N	\N	13:12:00	18:05:00	14:24:00
1035	2025-12-07	PLANTÃO		t	f	29	07:00:00	\N	\N	13:12:00	19:00:00	14:24:00
1036	2025-12-08			t	f	29	08:02:00	\N	\N	13:12:00	18:00:00	14:24:00
1037	2025-12-09			t	f	29	08:00:00	\N	\N	13:12:00	18:01:00	14:24:00
1038	2025-12-10			t	f	29	08:05:00	\N	\N	13:12:00	18:03:00	14:24:00
1039	2025-12-11	ATESTADO		t	f	29	00:00:00	\N	\N	00:00:00	00:00:00	00:00:00
1040	2025-12-12	ATESTADO		t	f	29	00:00:00	\N	\N	00:00:00	00:00:00	00:00:00
1041	2025-12-15			t	f	29	08:01:00	\N	\N	13:12:00	18:00:00	14:24:00
1138	2025-11-27	ATESTADO		t	f	63	\N	\N	\N	\N	\N	\N
1139	2025-11-28	ATESTADO		t	f	63	\N	\N	\N	\N	\N	\N
1140	2025-11-30	FERIADO		t	f	63	\N	\N	\N	\N	\N	\N
1141	2025-12-01			t	f	63	08:00:00	\N	\N	13:00:00	18:00:00	14:12:00
1142	2025-12-02			t	f	63	07:55:00	\N	\N	13:00:00	17:59:00	14:12:00
1143	2025-12-03			t	f	63	07:59:00	\N	\N	13:00:00	18:00:00	14:12:00
1144	2025-12-04			t	f	63	08:00:00	\N	\N	13:00:00	18:00:00	14:12:00
1145	2025-12-05			t	f	63	07:59:00	\N	\N	13:00:00	18:00:00	14:12:00
1149	2025-12-11			t	f	63	07:59:00	\N	\N	13:00:00	18:00:00	14:12:00
1150	2025-12-12			t	f	63	08:00:00	\N	\N	13:00:00	17:59:00	14:12:00
1151	2025-12-15			t	f	63	08:00:00	\N	\N	13:00:00	18:00:00	14:12:00
598	2025-12-04			t	t	32	07:58:00	\N	\N	13:00:00	17:58:00	14:12:00
599	2025-12-05			t	t	32	08:01:00	\N	\N	13:00:00	18:01:00	14:12:00
152	2025-12-03			t	t	8	08:00:00	\N	\N	11:00:00	18:03:00	12:12:00
153	2025-12-04			t	t	8	07:57:00	\N	\N	11:00:00	18:01:00	12:12:00
154	2025-12-05			t	t	8	08:00:00	\N	\N	11:00:00	18:01:00	12:12:00
155	2025-12-08			t	t	8	07:55:00	\N	\N	11:00:00	18:00:00	12:12:00
156	2025-12-09			t	t	8	07:55:00	\N	\N	11:00:00	18:00:00	12:12:00
821	2025-11-18			t	t	47	08:05:00	\N	\N	12:00:00	18:05:00	13:12:00
822	2025-11-19			t	t	47	08:02:00	\N	\N	12:00:00	18:02:00	13:12:00
823	2025-11-20	FERIADO		t	t	47	\N	\N	\N	\N	\N	\N
824	2025-11-21			t	t	47	08:05:00	\N	\N	12:00:00	18:05:00	13:12:00
825	2025-11-24			t	t	47	08:01:00	\N	\N	12:00:00	18:01:00	13:12:00
826	2025-11-25			t	t	47	08:04:00	\N	\N	12:00:00	18:04:00	13:12:00
827	2025-11-26			t	t	47	08:01:00	\N	\N	12:00:00	18:01:00	13:12:00
828	2025-11-27			t	t	47	08:05:00	\N	\N	12:00:00	18:05:00	13:12:00
829	2025-11-28			t	t	47	08:03:00	\N	\N	12:00:00	18:03:00	13:12:00
820	2025-11-17		ponto_assinado/Folha_Marina_Nunes_da_Cunha_12_2025_Assinada_Gestor.pdf	t	t	47	08:03:00	\N	\N	12:00:00	18:03:00	13:12:00
140	2025-11-18			t	t	8	07:55:00	\N	\N	11:00:00	18:03:00	12:12:00
141	2025-11-19			t	t	8	07:56:00	\N	\N	11:00:00	18:01:00	12:12:00
142	2025-11-20	FERIADO		t	t	8	\N	\N	\N	\N	\N	\N
143	2025-11-21			t	t	8	08:00:00	\N	\N	11:00:00	18:01:00	12:12:00
157	2025-12-10			t	t	8	07:56:00	\N	\N	11:00:00	18:02:00	12:12:00
158	2025-12-11			t	t	8	07:58:00	\N	\N	11:00:00	18:01:00	12:12:00
159	2025-12-12			t	t	8	07:58:00	\N	\N	11:00:00	18:06:00	12:12:00
160	2025-12-15			t	t	8	07:58:00	\N	\N	11:00:00	18:04:00	12:12:00
600	2025-12-08			t	t	32	07:59:00	\N	\N	13:00:00	17:59:00	14:12:00
601	2025-12-09			t	t	32	08:01:00	\N	\N	13:00:00	18:01:00	14:12:00
602	2025-12-10			t	t	32	07:58:00	\N	\N	13:00:00	17:58:00	14:12:00
603	2025-12-11			t	t	32	08:02:00	\N	\N	13:00:00	18:02:00	14:12:00
604	2025-12-12			t	t	32	07:59:00	\N	\N	13:00:00	17:59:00	14:12:00
586	2025-11-18			t	t	32	07:59:00	\N	\N	13:00:00	17:59:00	14:12:00
540	2025-11-18			t	t	30	08:01:00	\N	\N	12:00:00	18:01:00	13:12:00
541	2025-11-19			t	t	30	08:05:00	\N	\N	12:00:00	18:05:00	13:12:00
543	2025-11-21			t	t	30	08:03:00	\N	\N	12:00:00	18:03:00	13:12:00
544	2025-11-24			t	t	30	08:02:00	\N	\N	12:00:00	18:02:00	13:12:00
545	2025-11-25			t	t	30	08:00:00	\N	\N	12:00:00	18:00:00	13:12:00
546	2025-11-26			t	t	30	08:03:00	\N	\N	12:00:00	18:03:00	13:12:00
547	2025-11-27			t	t	30	08:02:00	\N	\N	12:00:00	18:02:00	13:12:00
548	2025-11-28			t	t	30	08:05:00	\N	\N	12:00:00	18:05:00	13:12:00
549	2025-11-30	FERIADO		t	t	30	\N	\N	\N	\N	\N	\N
1276	2025-11-30	FERIADO		t	t	24	\N	\N	\N	\N	\N	\N
1274	2025-11-20	FERIADO		t	t	24	\N	\N	\N	\N	\N	\N
1275	2025-11-25	Atestado de comparecimento		t	t	24	09:30:00	\N	\N	12:00:00	18:00:00	13:12:00
1359	2025-12-13			f	f	75	00:00:00	\N	\N	00:00:00	00:00:00	00:00:00
1360	2025-12-14			f	f	75	00:00:00	\N	\N	00:00:00	00:00:00	00:00:00
1361	2025-12-15			f	f	75	08:02:00	\N	\N	12:00:00	18:01:00	13:12:00
1362	2025-11-16			f	f	50	08:01:00	\N	\N	13:00:00	18:01:00	14:12:00
1363	2025-11-17			f	f	50	08:02:00	\N	\N	13:00:00	18:00:00	14:12:00
832	2025-12-02			t	t	47	08:02:00	\N	\N	12:00:00	18:02:00	13:12:00
833	2025-12-03			t	t	47	08:03:00	\N	\N	12:00:00	18:03:00	13:12:00
834	2025-12-04			t	t	47	08:04:00	\N	\N	12:00:00	18:04:00	13:12:00
835	2025-12-05			t	t	47	08:01:00	\N	\N	12:00:00	18:01:00	13:12:00
836	2025-12-08			t	t	47	08:03:00	\N	\N	12:00:00	18:03:00	13:12:00
837	2025-12-09			t	t	47	08:01:00	\N	\N	12:00:00	18:01:00	13:12:00
838	2025-12-10			t	t	47	08:03:00	\N	\N	12:00:00	18:03:00	13:12:00
839	2025-12-11			t	t	47	08:02:00	\N	\N	12:00:00	18:02:00	13:12:00
840	2025-12-12	Atestado de comparecimento.		t	t	47	00:00:00	\N	\N	00:00:00	00:00:00	00:00:00
841	2025-12-15			t	t	47	08:05:00	\N	\N	12:00:00	18:05:00	13:12:00
938	2025-12-12			t	f	74	08:04:00	\N	\N	12:00:00	18:04:00	13:12:00
939	2025-12-15			t	f	74	08:00:00	\N	\N	12:00:00	18:00:00	13:12:00
949	2025-12-12			t	f	10	08:01:00	\N	\N	12:00:00	18:01:00	13:12:00
950	2025-12-15			t	f	10	08:02:00	\N	\N	12:00:00	18:02:00	13:12:00
994	2025-12-11			t	t	41	08:05:00	\N	\N	14:00:00	18:05:00	15:12:00
995	2025-12-12			t	t	41	08:03:00	\N	\N	14:00:00	18:03:00	15:12:00
976	2025-11-18			t	t	41	08:03:00	\N	\N	14:00:00	18:03:00	15:12:00
977	2025-11-19			t	t	41	08:05:00	\N	\N	14:00:00	18:05:00	15:12:00
979	2025-11-21			t	t	41	08:04:00	\N	\N	14:00:00	18:04:00	15:12:00
980	2025-11-24			t	t	41	08:01:00	\N	\N	14:00:00	18:01:00	15:12:00
996	2025-12-15			t	t	41	08:05:00	\N	\N	14:00:00	18:05:00	15:12:00
975	2025-11-17		ponto_assinado/Folha_Levi_Borges_do_Nascimento_12_2025_Assinada_Gestor.pdf	t	t	41	08:01:00	\N	\N	14:00:00	18:01:00	15:12:00
1051	2025-11-27			t	t	39	08:00:00	\N	\N	14:00:00	18:00:00	15:12:00
1052	2025-11-28			t	t	39	08:00:00	\N	\N	14:00:00	18:00:00	15:12:00
1053	2025-11-30	FERIADO		t	t	39	\N	\N	\N	\N	\N	\N
1054	2025-12-01			t	t	39	08:00:00	\N	\N	14:00:00	18:00:00	15:12:00
1055	2025-12-02	declaração de comparecimento		t	t	39	08:00:00	\N	\N	13:30:00	18:00:00	14:30:00
1056	2025-12-03			t	t	39	08:00:00	\N	\N	14:00:00	18:00:00	15:12:00
1058	2025-12-05			t	t	39	08:00:00	\N	\N	14:00:00	18:00:00	15:12:00
1059	2025-12-08	declaração de comparecimento		t	t	39	08:00:00	\N	\N	14:00:00	16:30:00	15:12:00
1060	2025-12-09			t	t	39	08:00:00	\N	\N	14:00:00	18:00:00	15:12:00
1061	2025-12-10	declaração de comparecimento		t	t	39	08:00:00	\N	\N	14:00:00	16:30:00	15:12:00
1063	2025-12-12			t	t	39	08:00:00	\N	\N	14:00:00	18:00:00	15:12:00
1064	2025-12-14	plantão		t	t	39	07:00:00	\N	\N	13:00:00	19:00:00	14:00:00
1065	2025-12-15	declaração de comparecimento		t	t	39	08:00:00	\N	\N	14:00:00	16:30:00	13:00:00
1111	2025-11-18			t	t	55	09:01:00	\N	\N	14:00:00	19:01:00	15:12:00
1112	2025-11-19			t	t	55	09:02:00	\N	\N	14:00:00	19:02:00	15:12:00
1113	2025-11-21			t	t	55	09:03:00	\N	\N	14:00:00	19:03:00	15:12:00
1114	2025-11-24			t	t	55	09:04:00	\N	\N	14:00:00	19:04:00	15:12:00
1115	2025-11-25			t	t	55	09:05:00	\N	\N	14:00:00	19:05:00	15:12:00
1116	2025-11-26			t	t	55	09:06:00	\N	\N	14:00:00	19:06:00	15:12:00
1117	2025-11-27			t	t	55	09:07:00	\N	\N	14:00:00	19:08:00	15:12:00
1118	2025-11-28			t	t	55	09:08:00	\N	\N	14:00:00	19:08:00	15:12:00
1119	2025-12-01			t	t	55	08:59:00	\N	\N	14:00:00	18:59:00	15:12:00
1120	2025-12-02			t	t	55	09:01:00	\N	\N	14:00:00	19:01:00	15:12:00
1121	2025-12-03			t	t	55	09:02:00	\N	\N	14:00:00	19:02:00	15:12:00
1122	2025-12-04			t	t	55	09:03:00	\N	\N	14:00:00	19:03:00	15:12:00
1123	2025-12-05			t	t	55	09:04:00	\N	\N	14:00:00	19:04:00	15:12:00
1124	2025-12-08			t	t	55	09:05:00	\N	\N	14:00:00	19:05:00	15:12:00
1125	2025-12-09			t	t	55	09:06:00	\N	\N	14:00:00	19:06:00	15:12:00
1126	2025-12-10			t	t	55	09:07:00	\N	\N	14:00:00	19:06:00	15:12:00
1127	2025-12-11			t	t	55	09:08:00	\N	\N	14:00:00	19:08:00	15:12:00
1128	2025-12-12			t	t	55	09:09:00	\N	\N	14:00:00	19:09:00	15:12:00
212	2025-12-04			t	t	59	08:04:00	\N	\N	12:00:00	18:04:00	13:12:00
213	2025-12-05			t	t	59	08:05:00	\N	\N	12:00:00	18:05:00	13:12:00
214	2025-12-08			t	t	59	08:00:00	\N	\N	12:00:00	18:00:00	13:12:00
215	2025-12-09			t	t	59	08:01:00	\N	\N	12:00:00	18:01:00	13:12:00
216	2025-12-10			t	t	59	08:03:00	\N	\N	12:00:00	18:03:00	13:12:00
217	2025-12-11			t	t	59	08:04:00	\N	\N	12:00:00	18:04:00	11:02:00
218	2025-12-12			t	t	59	08:02:00	\N	\N	12:00:00	18:02:00	13:12:00
219	2025-12-15			t	t	59	08:02:00	\N	\N	12:00:00	18:02:00	13:12:00
1254	2025-11-17		ponto_assinado/Folha_Wellington_Dias_da_Cunha_Filho_12_2025_Assinada_Gestor_mCwoZXF.pdf	t	t	1	08:04:00	\N	\N	13:00:00	18:04:00	14:12:00
1408	2025-11-17		ponto_assinado/Folha_Carlos_Eduardo_Vasconcelos_Oliveira_12_2025_Assinada_Gestor.pdf	t	t	6	08:05:00	\N	\N	12:00:00	18:05:00	13:12:00
1423	2025-12-05			t	t	6	08:05:00	\N	\N	12:00:00	18:05:00	13:12:00
1255	2025-11-18			t	t	1	08:02:00	\N	\N	13:00:00	18:02:00	14:12:00
1256	2025-11-19			t	t	1	08:05:00	\N	\N	13:00:00	18:05:00	14:12:00
1257	2025-11-21			t	t	1	08:01:00	\N	\N	13:00:00	18:01:00	14:12:00
1258	2025-11-24			t	t	1	08:02:00	\N	\N	13:00:00	18:02:00	14:12:00
1259	2025-11-25			t	t	1	08:04:00	\N	\N	13:00:00	18:04:00	14:12:00
1260	2025-11-26			t	t	1	08:01:00	\N	\N	13:00:00	18:01:00	14:12:00
1261	2025-11-27			t	t	1	08:03:00	\N	\N	13:00:00	18:03:00	14:12:00
1262	2025-11-28			t	t	1	08:04:00	\N	\N	13:00:00	18:04:00	14:12:00
1263	2025-12-01			t	t	1	08:01:00	\N	\N	13:00:00	18:01:00	14:12:00
1439	2025-11-27			t	t	52	08:01:00	\N	\N	12:13:00	18:01:00	13:25:00
1440	2025-11-28			t	t	52	08:05:00	\N	\N	12:09:00	18:05:00	13:21:00
1441	2025-11-30	FERIADO		t	t	52	\N	\N	\N	\N	\N	\N
1482	2025-11-23	PLANTAO BEEP		f	f	11	\N	08:00:00	18:00:00	\N	\N	\N
1226	2025-11-20	FERIADO	ponto_assinado/Folha_Wellington_Dias_da_Cunha_Filho_12_2025_Assinado_Colab_VtMtpLJ.pdf	t	t	1	\N	\N	\N	\N	\N	\N
1227	2025-11-30	FERIADO		t	t	1	\N	\N	\N	\N	\N	\N
1311	2025-11-18			t	t	76	08:02:00	\N	\N	12:00:00	18:02:00	13:12:00
1391	2025-11-18			t	t	12	06:58:00	\N	\N	13:02:00	19:03:00	14:03:00
1392	2025-11-20	FERIADO		t	t	12	06:59:00	\N	\N	13:01:00	19:02:00	14:02:00
1393	2025-11-22			t	t	12	06:58:00	\N	\N	13:02:00	19:03:00	14:01:00
1394	2025-11-24			t	t	12	06:57:00	\N	\N	13:03:00	19:02:00	14:02:00
1395	2025-11-26			t	t	12	06:59:00	\N	\N	13:01:00	19:02:00	14:01:00
1396	2025-11-28			t	t	12	06:58:00	\N	\N	13:01:00	19:04:00	14:03:00
1397	2025-11-30	FERIADO		t	t	12	07:01:00	\N	\N	12:59:00	19:04:00	14:01:00
1398	2025-12-02			t	t	12	18:57:00	\N	\N	00:01:00	07:02:00	01:01:00
1399	2025-12-04			t	t	12	18:59:00	\N	\N	00:02:00	07:03:00	01:02:00
1400	2025-12-06			t	t	12	18:59:00	\N	\N	00:01:00	07:04:00	01:03:00
1401	2025-12-08			t	t	12	18:57:00	\N	\N	00:02:00	07:02:00	01:01:00
1402	2025-12-10			t	t	12	18:59:00	\N	\N	00:01:00	07:03:00	01:01:00
1403	2025-12-12			t	t	12	18:58:00	\N	\N	00:02:00	07:02:00	01:01:00
1404	2025-12-14			t	t	12	18:59:00	\N	\N	00:01:00	07:03:00	01:02:00
1390	2025-11-16		ponto_assinado/Folha_Everaldo_de_Jesus_dos_Santos_12_2025_Assinada_Gestor.pdf	t	t	12	06:57:00	\N	\N	13:01:00	19:02:00	14:02:00
1312	2025-11-19			t	t	76	08:04:00	\N	\N	12:00:00	18:04:00	13:12:00
1314	2025-11-21			t	t	76	08:01:00	\N	\N	12:00:00	18:01:00	13:12:00
1315	2025-11-24	WO000078611021		t	t	76	08:02:00	18:00:00	20:00:00	12:00:00	18:00:00	13:12:00
1317	2025-11-26			t	t	76	08:01:00	\N	\N	12:00:00	18:01:00	13:12:00
1318	2025-11-27			t	t	76	08:03:00	\N	\N	12:00:00	18:03:00	13:12:00
1319	2025-11-28			t	t	76	08:04:00	\N	\N	12:00:00	18:04:00	13:12:00
1320	2025-11-30	FERIADO		t	t	76	\N	\N	\N	\N	\N	\N
1321	2025-12-01			t	t	76	08:05:00	\N	\N	12:00:00	18:05:00	13:12:00
1322	2025-12-02			t	t	76	08:03:00	\N	\N	12:00:00	18:03:00	13:12:00
1323	2025-12-03			t	t	76	08:02:00	\N	\N	12:00:00	18:02:00	13:12:00
1324	2025-12-04			t	t	76	08:01:00	\N	\N	12:00:00	18:01:00	13:12:00
1325	2025-12-05			t	t	76	08:04:00	\N	\N	12:00:00	18:04:00	13:12:00
1326	2025-12-08			t	t	76	08:05:00	\N	\N	12:00:00	18:05:00	13:12:00
1327	2025-12-09			t	t	76	08:03:00	\N	\N	12:00:00	18:03:00	13:12:00
1328	2025-12-10			t	t	76	08:04:00	\N	\N	12:00:00	18:04:00	13:12:00
1410	2025-11-19			t	t	6	08:02:00	\N	\N	12:00:00	18:02:00	13:12:00
1411	2025-11-20	FERIADO		t	t	6	\N	\N	\N	\N	\N	\N
1412	2025-11-21			t	t	6	08:01:00	\N	\N	12:00:00	18:01:00	13:12:00
1413	2025-11-24			t	t	6	08:04:00	\N	\N	12:00:00	18:04:00	13:12:00
1414	2025-11-25			t	t	6	08:01:00	\N	\N	12:00:00	18:01:00	13:12:00
1415	2025-11-26			t	t	6	08:03:00	\N	\N	12:00:00	18:03:00	13:12:00
1416	2025-11-27			t	t	6	08:04:00	\N	\N	12:00:00	18:04:00	13:12:00
1417	2025-11-28			t	t	6	08:02:00	\N	\N	12:00:00	18:02:00	13:12:00
1418	2025-11-30	FERIADO		t	t	6	\N	\N	\N	\N	\N	\N
1419	2025-12-01			t	t	6	08:04:00	\N	\N	12:00:00	18:04:00	13:12:00
1420	2025-12-02			t	t	6	08:05:00	\N	\N	12:00:00	18:05:00	13:12:00
1421	2025-12-03			t	t	6	08:02:00	\N	\N	12:00:00	18:02:00	13:12:00
1422	2025-12-04			t	t	6	08:03:00	\N	\N	12:00:00	18:03:00	13:12:00
1425	2025-12-09			t	t	6	08:01:00	\N	\N	12:00:00	18:01:00	13:12:00
1479	2025-11-19			f	f	11	08:03:00	\N	\N	12:00:00	18:03:00	13:12:00
1329	2025-12-11			t	t	76	08:02:00	\N	\N	12:00:00	18:02:00	13:12:00
1330	2025-12-12			t	t	76	08:04:00	\N	\N	12:00:00	18:04:00	13:12:00
1331	2025-12-15			t	t	76	08:03:00	\N	\N	12:00:00	18:03:00	13:12:00
1316	2025-11-25	WO000078611025		t	t	76	08:04:00	18:00:00	19:00:00	12:00:00	18:00:00	13:12:00
1310	2025-11-17		ponto_assinado/Folha_Thiago_Moreira_Conceição_12_2025_Assinada_Gestor.pdf	t	t	76	08:03:00	\N	\N	12:00:00	18:03:00	13:12:00
369	2025-12-05			t	t	2	08:05:00	\N	\N	12:00:00	18:07:00	13:12:00
370	2025-12-08			t	t	2	08:02:00	\N	\N	12:00:00	18:03:00	13:12:00
371	2025-12-09			t	t	2	08:04:00	\N	\N	12:00:00	18:05:00	13:12:00
372	2025-12-10			t	t	2	08:03:00	\N	\N	12:00:00	18:04:00	13:12:00
373	2025-12-11			t	t	2	08:02:00	\N	\N	12:00:00	18:04:00	13:12:00
1449	2025-11-20	FERIADO		f	f	11	\N	08:00:00	18:00:00	\N	\N	\N
1480	2025-11-21			f	f	11	08:00:00	\N	\N	12:00:00	18:00:00	13:12:00
1491	2025-12-04			f	f	11	08:00:00	\N	\N	12:00:00	18:00:00	13:12:00
1481	2025-11-22	PLANTAO BEEP		f	f	11	\N	08:00:00	18:00:00	\N	\N	\N
1483	2025-11-24			f	f	11	08:00:00	\N	\N	12:00:00	18:00:00	13:12:00
1484	2025-11-25			f	f	11	08:01:00	\N	\N	12:00:00	18:00:00	13:12:00
1485	2025-11-26			f	f	11	08:00:00	\N	\N	12:00:00	18:00:00	13:12:00
1486	2025-11-27			f	f	11	08:01:00	\N	\N	12:00:00	18:00:00	13:12:00
1487	2025-11-28			f	f	11	08:00:00	\N	\N	12:00:00	18:00:00	13:12:00
1450	2025-11-30	FERIADO		f	f	11	\N	\N	\N	\N	\N	\N
1489	2025-12-02			f	f	11	08:00:00	\N	\N	12:00:00	18:00:00	13:12:00
1490	2025-12-03			f	f	11	08:01:00	\N	\N	12:00:00	18:01:00	13:12:00
1492	2025-12-05			f	f	11	08:03:00	\N	\N	12:00:00	18:03:00	13:12:00
1493	2025-12-06	PLANTAO BEEP		f	f	11	\N	08:00:00	18:00:00	\N	\N	\N
1494	2025-12-07	PLANTAO BEEP		f	f	11	\N	08:00:00	18:00:00	\N	\N	\N
1495	2025-12-08			f	f	11	08:01:00	\N	\N	12:00:00	18:01:00	13:12:00
1442	2025-12-01			t	t	52	08:02:00	\N	\N	12:31:00	18:02:00	13:43:00
1448	2025-11-18			f	f	11	08:02:00	\N	\N	12:00:00	18:02:00	13:12:00
1364	2025-11-18			f	f	50	08:01:00	\N	\N	13:00:00	18:01:00	14:12:00
1365	2025-11-19			f	f	50	08:04:00	\N	\N	13:00:00	18:02:00	14:12:00
1366	2025-11-20	FERIADO		f	f	50	\N	\N	\N	\N	\N	\N
1367	2025-11-21			f	f	50	08:05:00	\N	\N	13:00:00	17:59:00	14:12:00
1368	2025-11-24			f	f	50	08:00:00	\N	\N	13:00:00	18:00:00	14:12:00
1369	2025-11-25			f	f	50	08:02:00	\N	\N	13:00:00	18:02:00	14:12:00
1370	2025-11-26	09:30 as 12h (atestado médico)		f	f	50	08:03:00	\N	\N	13:00:00	18:00:00	14:12:00
1371	2025-11-27			f	f	50	08:02:00	\N	\N	13:00:00	18:02:00	14:12:00
1372	2025-11-28			f	f	50	08:00:00	\N	\N	13:00:00	18:00:00	14:12:00
1373	2025-11-30	FERIADO		f	f	50	\N	\N	\N	\N	\N	\N
1374	2025-12-01			f	f	50	08:02:00	\N	\N	13:00:00	18:00:00	14:12:00
1375	2025-12-02			f	f	50	08:01:00	\N	\N	13:00:00	18:02:00	14:12:00
1376	2025-12-03			f	f	50	08:05:00	\N	\N	13:00:00	18:01:00	14:12:00
1377	2025-12-04			f	f	50	08:04:00	\N	\N	13:00:00	18:00:00	14:12:00
1378	2025-12-05			f	f	50	08:02:00	\N	\N	13:00:00	18:02:00	14:12:00
1379	2025-12-06			f	f	50	\N	\N	\N	\N	\N	14:12:00
1380	2025-12-07			f	f	50	\N	\N	\N	\N	\N	14:12:00
1381	2025-12-08			f	f	50	08:02:00	\N	\N	13:00:00	18:00:00	14:12:00
1382	2025-12-09			f	f	50	08:03:00	\N	\N	13:00:00	18:02:00	14:12:00
1383	2025-12-10			f	f	50	08:04:00	\N	\N	13:00:00	18:00:00	14:12:00
1384	2025-12-11	Atestado médico		f	f	50	08:00:00	\N	\N	13:00:00	15:00:00	14:12:00
1385	2025-12-12			f	f	50	08:01:00	\N	\N	13:00:00	18:00:00	14:12:00
1386	2025-12-15			f	f	50	08:02:00	\N	\N	13:00:00	18:00:00	14:12:00
1457	2025-11-17		ponto_assinado/Folha_Gabriel_Natan_da_Silva_Lopes_12_2025_Assinado_Colab.pdf	t	f	71	08:03:00	\N	\N	12:00:00	18:03:00	13:12:00
1451	2025-12-08			t	t	52	08:00:00	\N	\N	12:06:00	18:00:00	13:18:00
1406	2025-11-20	FERIADO		t	t	3	\N	\N	\N	\N	\N	\N
1407	2025-11-30	FERIADO		t	t	3	\N	\N	\N	\N	\N	\N
1405	2025-11-17		ponto_assinado/Folha_Antônio_José_Costa_Ferreira_12_2025_Assinada_Gestor.pdf	t	t	3	08:02:00	\N	\N	12:00:00	18:02:00	13:12:00
1452	2025-12-09			t	t	52	08:03:00	\N	\N	12:10:00	18:03:00	13:22:00
1388	2025-11-20	FERIADO		t	t	34	\N	\N	\N	\N	\N	\N
1389	2025-11-30	FERIADO		t	t	34	\N	\N	\N	\N	\N	\N
1387	2025-11-17		ponto_assinado/Folha_João_Paulo_Sampaio_Almeida_12_2025_Assinada_Gestor.pdf	t	t	34	08:05:00	\N	\N	13:00:00	18:05:00	14:12:00
1453	2025-12-10			t	t	52	08:05:00	\N	\N	12:21:00	18:05:00	13:33:00
1454	2025-12-11			t	t	52	08:02:00	\N	\N	12:33:00	18:02:00	13:45:00
1455	2025-12-12			t	t	52	08:04:00	\N	\N	12:13:00	18:04:00	13:25:00
1456	2025-12-15			t	t	52	08:03:00	\N	\N	12:15:00	18:03:00	13:27:00
356	2025-11-19			t	t	2	08:01:00	\N	\N	12:00:00	18:02:00	13:12:00
357	2025-11-20	FERIADO		t	t	2	\N	\N	\N	\N	\N	\N
358	2025-11-21			t	t	2	08:05:00	\N	\N	12:00:00	18:06:00	13:12:00
359	2025-11-24			t	t	2	08:02:00	\N	\N	12:00:00	18:04:00	13:12:00
360	2025-11-25			t	t	2	08:01:00	\N	\N	12:00:00	18:02:00	13:12:00
361	2025-11-26			t	t	2	08:03:00	\N	\N	12:00:00	18:05:00	13:12:00
362	2025-11-27			t	t	2	08:04:00	\N	\N	12:00:00	18:05:00	13:12:00
363	2025-11-28			t	t	2	08:02:00	\N	\N	12:00:00	18:03:00	13:12:00
364	2025-11-30	FERIADO		t	t	2	\N	\N	\N	\N	\N	\N
365	2025-12-01			t	t	2	08:03:00	\N	\N	12:00:00	18:05:00	13:12:00
366	2025-12-02			t	t	2	08:01:00	\N	\N	12:00:00	18:03:00	13:12:00
367	2025-12-03			t	t	2	08:05:00	\N	\N	12:00:00	18:06:00	13:12:00
368	2025-12-04			t	t	2	08:02:00	\N	\N	12:00:00	18:03:00	13:12:00
1524	2025-11-30	FERIADO		t	f	51	\N	\N	\N	\N	\N	\N
1523	2025-11-20	FERIADO	ponto_assinado/Folha_Osvaldo_Félix_de_Oliveira_12_2025_Assinado_Colab_oumKPCM.pdf	t	f	51	\N	\N	\N	\N	\N	\N
1458	2025-11-18			t	f	71	08:02:00	\N	\N	12:00:00	18:02:00	13:12:00
1459	2025-11-19			t	f	71	08:03:00	\N	\N	12:00:00	18:03:00	13:12:00
1460	2025-11-20	FERIADO		t	f	71	\N	\N	\N	\N	\N	\N
1461	2025-11-21			t	f	71	08:05:00	\N	\N	12:00:00	18:05:00	13:12:00
1462	2025-11-24			t	f	71	08:03:00	\N	\N	12:00:00	18:03:00	13:12:00
1463	2025-11-25			t	f	71	08:01:00	\N	\N	12:00:00	18:01:00	13:12:00
1464	2025-11-26			t	f	71	08:05:00	\N	\N	12:00:00	18:05:00	13:12:00
1465	2025-11-27			t	f	71	08:04:00	\N	\N	12:00:00	18:04:00	13:12:00
1517	2025-12-08			t	f	72	08:02:00	\N	\N	13:00:00	18:02:00	14:12:00
1518	2025-12-09			t	f	72	08:03:00	\N	\N	13:00:00	18:03:00	14:12:00
1519	2025-12-10			t	f	72	08:02:00	\N	\N	13:00:00	18:02:00	14:12:00
1520	2025-12-11			t	f	72	08:04:00	\N	\N	13:00:00	18:04:00	14:12:00
1521	2025-12-12			t	f	72	08:03:00	\N	\N	13:00:00	18:03:00	14:12:00
1522	2025-12-15			t	f	72	08:02:00	\N	\N	13:00:00	18:02:00	14:12:00
1466	2025-11-28			t	f	71	08:05:00	\N	\N	12:00:00	18:05:00	13:12:00
1502	2025-11-18			t	f	72	08:02:00	\N	\N	13:00:00	18:02:00	14:12:00
1443	2025-12-02			t	t	52	08:00:00	\N	\N	12:20:00	18:00:00	13:32:00
1444	2025-12-03			t	t	52	08:03:00	\N	\N	12:13:00	18:03:00	13:25:00
1445	2025-12-04			t	t	52	08:01:00	\N	\N	12:22:00	18:01:00	13:34:00
1446	2025-12-05			t	t	52	08:05:00	\N	\N	12:01:00	18:05:00	13:13:00
1431	2025-11-17		ponto_assinado/Folha_Paulo_André_José_Ferreira_12_2025_Assinada_Gestor_qTG3dc2.pdf	t	t	52	08:00:00	\N	\N	12:03:00	18:00:00	13:15:00
1447	2025-11-17			f	f	11	08:01:00	\N	\N	12:00:00	18:01:00	13:12:00
1488	2025-12-01			f	f	11	08:01:00	\N	\N	12:00:00	18:01:00	13:12:00
1496	2025-12-09			f	f	11	08:00:00	\N	\N	12:00:00	18:00:00	13:12:00
1497	2025-12-10			f	f	11	08:02:00	\N	\N	12:00:00	18:02:00	13:12:00
1498	2025-12-11			f	f	11	08:00:00	\N	\N	12:00:00	18:00:00	13:12:00
1499	2025-12-12			f	f	11	08:01:00	\N	\N	12:00:00	18:01:00	13:12:00
1500	2025-12-15			f	f	11	08:00:00	\N	\N	12:00:00	18:00:00	13:12:00
672	2025-12-12			t	t	61	12:03:00	\N	\N	16:00:00	22:03:00	17:12:00
1430	2025-12-15			t	t	61	12:02:00	\N	\N	16:00:00	22:02:00	17:12:00
455	2025-12-02			t	f	23	08:15:00	\N	\N	12:00:00	18:15:00	13:12:00
456	2025-12-03			t	f	23	08:05:00	\N	\N	12:00:00	18:05:00	13:12:00
457	2025-12-04			t	f	23	08:10:00	\N	\N	12:00:00	18:10:00	13:12:00
458	2025-12-05			t	f	23	08:00:00	\N	\N	12:00:00	18:00:00	13:12:00
459	2025-12-08			t	f	23	08:00:00	\N	\N	12:00:00	18:00:00	13:12:00
460	2025-12-09			t	f	23	08:00:00	\N	\N	12:00:00	18:00:00	13:12:00
461	2025-12-10			t	f	23	08:10:00	\N	\N	12:00:00	18:10:00	13:12:00
462	2025-12-11			t	f	23	08:00:00	\N	\N	12:00:00	18:00:00	13:12:00
463	2025-12-12			t	f	23	08:10:00	\N	\N	12:00:00	18:10:00	13:12:00
464	2025-12-15			t	f	23	08:00:00	\N	\N	12:00:00	18:00:00	13:12:00
444	2025-11-18			t	f	23	08:05:00	\N	\N	12:00:00	18:05:00	13:12:00
445	2025-11-19			t	f	23	08:15:00	\N	\N	12:00:00	18:15:00	13:12:00
446	2025-11-20	FERIADO		t	f	23	\N	\N	\N	\N	\N	\N
447	2025-11-21			t	f	23	08:00:00	\N	\N	12:00:00	18:00:00	13:12:00
448	2025-11-24			t	f	23	08:00:00	\N	\N	12:00:00	18:00:00	13:12:00
449	2025-11-25			t	f	23	08:05:00	\N	\N	12:00:00	18:05:00	13:12:00
450	2025-11-26			t	f	23	08:10:00	\N	\N	12:00:00	18:10:00	13:12:00
451	2025-11-27			t	f	23	08:10:00	\N	\N	12:00:00	18:10:00	13:12:00
452	2025-11-28			t	f	23	08:15:00	\N	\N	12:00:00	18:15:00	13:12:00
443	2025-11-17		ponto_assinado/Folha_Gleydmar_Segismundo_12_2025_Assinado_Colab.pdf	t	f	23	08:00:00	\N	\N	12:00:00	18:00:00	13:12:00
1503	2025-11-19			t	f	72	08:01:00	\N	\N	13:00:00	18:01:00	14:12:00
1504	2025-11-20	FERIADO		t	f	72	\N	\N	\N	\N	\N	\N
1505	2025-11-21			t	f	72	08:02:00	\N	\N	13:00:00	18:02:00	14:12:00
1506	2025-11-24			t	f	72	08:05:00	\N	\N	13:00:00	18:05:00	14:12:00
1507	2025-11-25			t	f	72	08:01:00	\N	\N	13:00:00	18:01:00	14:12:00
1508	2025-11-26			t	f	72	08:02:00	\N	\N	13:00:00	18:02:00	14:12:00
1509	2025-11-27			t	f	72	08:05:00	\N	\N	13:00:00	18:05:00	14:12:00
1510	2025-11-28			t	f	72	08:02:00	\N	\N	13:00:00	18:02:00	14:12:00
1511	2025-11-30	FERIADO		t	f	72	\N	\N	\N	\N	\N	\N
1512	2025-12-01			t	f	72	08:01:00	\N	\N	13:00:00	18:01:00	14:12:00
1513	2025-12-02			t	f	72	08:05:00	\N	\N	13:00:00	18:05:00	14:12:00
1514	2025-12-03			t	f	72	08:01:00	\N	\N	13:00:00	18:01:00	14:12:00
1515	2025-12-04			t	f	72	08:03:00	\N	\N	13:00:00	18:03:00	14:12:00
1516	2025-12-05			t	f	72	08:01:00	\N	\N	13:00:00	18:01:00	14:12:00
1501	2025-11-17		ponto_assinado/Folha_Pedro_Henrique_Brito_Pereira_12_2025_Assinado_Colab.pdf	t	f	72	08:01:00	\N	\N	13:00:00	18:01:00	14:12:00
1467	2025-11-30	FERIADO		t	f	71	\N	\N	\N	\N	\N	\N
1468	2025-12-01			t	f	71	08:02:00	\N	\N	12:00:00	18:02:00	13:12:00
1469	2025-12-02			t	f	71	08:03:00	\N	\N	12:00:00	18:03:00	13:12:00
1470	2025-12-03			t	f	71	08:04:00	\N	\N	12:00:00	18:04:00	13:12:00
1471	2025-12-04			t	f	71	08:01:00	\N	\N	12:00:00	18:01:00	13:12:00
1472	2025-12-05			t	f	71	08:05:00	\N	\N	12:00:00	18:05:00	13:12:00
1473	2025-12-08			t	f	71	08:04:00	\N	\N	12:00:00	18:04:00	13:12:00
1474	2025-12-09			t	f	71	08:02:00	\N	\N	12:00:00	18:02:00	13:12:00
1475	2025-12-10			t	f	71	08:01:00	\N	\N	12:00:00	18:01:00	13:12:00
1476	2025-12-11			t	f	71	08:04:00	\N	\N	12:00:00	18:04:00	13:12:00
1477	2025-12-12			t	f	71	08:02:00	\N	\N	12:00:00	18:02:00	13:12:00
1478	2025-12-15			t	f	71	08:03:00	\N	\N	12:00:00	18:03:00	13:12:00
\.


--
-- Data for Name: django_admin_log; Type: TABLE DATA; Schema: public; Owner: rhuser
--

COPY public.django_admin_log (id, action_time, object_id, object_repr, action_flag, change_message, content_type_id, user_id) FROM stdin;
1	2025-12-11 19:05:14.727511+00	1	Analista de Suporte Sênior	1	[{"added": {}}]	7	2
2	2025-12-11 19:05:31.328587+00	1	Equipe Web	1	[{"added": {}}]	8	2
3	2025-12-11 19:06:08.258576+00	1	Wellington Dias da Cunha Filho - Analista de Suporte Sênior	1	[{"added": {}}]	9	2
4	2025-12-11 19:25:38.903073+00	2	Analista de Suporte Júnior	1	[{"added": {}}]	7	2
5	2025-12-11 19:26:15.365679+00	1	Analista de Suporte Avançado II	2	[{"changed": {"fields": ["Nome do Cargo"]}}]	7	2
6	2025-12-11 19:26:30.316759+00	3	Auxiliar de Limpeza	1	[{"added": {}}]	7	2
7	2025-12-11 19:26:38.132662+00	4	Coordenadora Operacional	1	[{"added": {}}]	7	2
8	2025-12-11 19:26:44.09441+00	5	Gerente de Projetos	1	[{"added": {}}]	7	2
9	2025-12-11 19:26:52.645764+00	6	Gerente de Projetos II	1	[{"added": {}}]	7	2
10	2025-12-11 19:27:02.449546+00	7	Gerente Operacional	1	[{"added": {}}]	7	2
11	2025-12-11 19:27:13.896799+00	8	Analista de Suporte Pleno	1	[{"added": {}}]	7	2
12	2025-12-11 19:27:30.471206+00	9	Supervisor Operacional	1	[{"added": {}}]	7	2
13	2025-12-11 19:27:36.811623+00	10	Supervisor Técnico	1	[{"added": {}}]	7	2
14	2025-12-11 19:28:08.877854+00	11	Técnico de Microinformática Especializado	1	[{"added": {}}]	7	2
15	2025-12-11 19:28:17.377606+00	12	Técnico de Microinformática Pleno	1	[{"added": {}}]	7	2
16	2025-12-11 19:28:28.59805+00	13	Técnico de Microinformática Líder	1	[{"added": {}}]	7	2
17	2025-12-11 19:29:02.469303+00	2	CIAUS/BR	1	[{"added": {}}]	8	2
18	2025-12-11 19:29:16.056664+00	3	Gestão	1	[{"added": {}}]	8	2
19	2025-12-11 19:29:25.816982+00	4	RH	1	[{"added": {}}]	8	2
20	2025-12-11 19:31:36.294466+00	2	Alessandro Antônio Vieira - Técnico de Microinformática Especializado	1	[{"added": {}}]	9	2
21	2025-12-11 19:32:17.794948+00	2	Alessandro Antônio Vieira - Técnico de Microinformática Especializado	2	[{"changed": {"fields": ["Intervalo"]}}]	9	2
22	2025-12-11 19:57:02.061807+00	5	CTD	1	[{"added": {}}]	8	2
23	2025-12-11 19:58:49.662958+00	6	Presidência	1	[{"added": {}}]	8	2
24	2025-12-11 19:58:58.319536+00	7	Analistas CTD	1	[{"added": {}}]	8	2
25	2025-12-11 20:06:14.24354+00	8	Torino	1	[{"added": {}}]	8	2
26	2025-12-11 20:27:50.028253+00	71	Gabriel Natan da Silva Lopes - Analista de Suporte Avançado II	2	[{"changed": {"fields": ["Endere\\u00e7o", "Bairro", "Cidade", "Estado (UF)", "Local de Trabalho (Estado)"]}}]	9	2
27	2025-12-11 20:28:39.941096+00	73	Yury Fontão Vieira - Supervisor Operacional	2	[{"changed": {"fields": ["Endere\\u00e7o", "Bairro", "Cidade", "Estado (UF)", "Local de Trabalho (Estado)"]}}]	9	2
28	2025-12-11 20:32:54.389599+00	8	Torino	2	[{"changed": {"fields": ["Gestor Respons\\u00e1vel"]}}]	8	2
29	2025-12-11 20:33:13.588525+00	7	Analistas CTD	2	[{"changed": {"fields": ["Local de Trabalho", "Gestor Respons\\u00e1vel"]}}]	8	2
30	2025-12-11 20:33:24.670388+00	6	Presidência	2	[{"changed": {"fields": ["Gestor Respons\\u00e1vel"]}}]	8	2
31	2025-12-11 20:33:35.001609+00	5	CTD	2	[{"changed": {"fields": ["Gestor Respons\\u00e1vel"]}}]	8	2
32	2025-12-11 20:33:44.972282+00	4	RH	2	[{"changed": {"fields": ["Gestor Respons\\u00e1vel"]}}]	8	2
33	2025-12-11 20:34:01.313906+00	2	CIAUS/BR	2	[{"changed": {"fields": ["Gestor Respons\\u00e1vel"]}}]	8	2
34	2025-12-11 20:34:09.323251+00	1	Equipe Web	2	[{"changed": {"fields": ["Gestor Respons\\u00e1vel"]}}]	8	2
35	2025-12-12 11:37:51.260249+00	1	Wellington Dias da Cunha Filho - Analista de Suporte Avançado II	2	[{"changed": {"fields": ["Outras Equipes (Secund\\u00e1rias)"]}}]	9	2
36	2025-12-12 11:39:31.7317+00	1	Wellington Dias da Cunha Filho - Analista de Suporte Avançado II	2	[{"changed": {"fields": ["Equipe Principal", "Outras Equipes (Secund\\u00e1rias)"]}}]	9	2
37	2025-12-12 12:22:26.638285+00	7	Analistas CTD	2	[{"changed": {"fields": ["Gestores Respons\\u00e1veis"]}}]	8	2
38	2025-12-12 12:22:47.211391+00	8	Torino	2	[{"changed": {"fields": ["Gestores Respons\\u00e1veis"]}}]	8	2
39	2025-12-12 12:23:22.302482+00	6	Presidência	2	[{"changed": {"fields": ["Gestores Respons\\u00e1veis"]}}]	8	2
40	2025-12-12 12:23:40.412682+00	5	CTD	2	[{"changed": {"fields": ["Gestores Respons\\u00e1veis"]}}]	8	2
41	2025-12-12 12:25:18.593534+00	2	CIAUS/BR	2	[{"changed": {"fields": ["Gestores Respons\\u00e1veis"]}}]	8	2
42	2025-12-12 12:25:28.187699+00	3	Gestão	2	[{"changed": {"fields": ["Gestores Respons\\u00e1veis"]}}]	8	2
43	2025-12-12 12:25:39.115546+00	8	Torino	2	[{"changed": {"fields": ["Gestores Respons\\u00e1veis"]}}]	8	2
44	2025-12-12 12:25:50.180662+00	1	Equipe Web	2	[{"changed": {"fields": ["Gestores Respons\\u00e1veis"]}}]	8	2
45	2025-12-12 12:37:19.248464+00	1	Wellington Dias da Cunha Filho - Analista de Suporte Avançado II	2	[{"changed": {"fields": ["Equipe Principal"]}}]	9	2
46	2025-12-12 14:16:09.616788+00	67	Wagner Rodrigues de Souza - Gerente de Projetos	2	[{"changed": {"fields": ["Outras Equipes (Secund\\u00e1rias)"]}}]	9	2
47	2025-12-12 14:26:02.039932+00	46	Maria Clara dos Santos Nagao - Gerente Operacional	2	[{"changed": {"fields": ["Outras Equipes (Secund\\u00e1rias)"]}}]	9	69
48	2025-12-12 14:26:34.618762+00	48	Milena de Oliveira Reina - Técnico de Microinformática Especializado	2	[{"changed": {"fields": ["Outras Equipes (Secund\\u00e1rias)"]}}]	9	69
49	2025-12-12 14:28:27.113112+00	21	Francine Gomes Braga de Castro - Gerente de Projetos II	2	[{"changed": {"fields": ["Outras Equipes (Secund\\u00e1rias)"]}}]	9	69
50	2025-12-12 14:28:27.513432+00	21	Francine Gomes Braga de Castro - Gerente de Projetos II	2	[]	9	69
51	2025-12-12 14:30:46.599703+00	38	Antonio Laercio Nunes de Amorim Juinor - Gerente de Projetos II	2	[{"changed": {"fields": ["Outras Equipes (Secund\\u00e1rias)"]}}]	9	69
52	2025-12-12 14:31:08.089315+00	66	Valter Souza Santos Junior - Gerente de Projetos	2	[{"changed": {"fields": ["Outras Equipes (Secund\\u00e1rias)"]}}]	9	69
53	2025-12-12 14:48:11.562427+00	74	SAMUEL FRANÇA DE OLIVEIRA - Tecnico de Microinformatica Especializado	1	[{"added": {}}]	9	48
54	2025-12-12 14:48:34.46381+00	41	Levi Borges do Nascimento - Técnico de Microinformática Especializado	2	[{"changed": {"fields": ["Intervalo"]}}]	9	2
55	2025-12-12 14:48:41.634061+00	74	Samuel França de Oliveira - Tecnico de Microinformatica Especializado	2	[{"changed": {"fields": ["Nome completo"]}}]	9	48
56	2025-12-12 17:45:20.292637+00	75	ALEX SILVA ALCANTARA - Técnico de Microinformática Pleno	1	[{"added": {}}]	9	40
57	2025-12-12 17:45:45.589948+00	75	Alex Silva Alcantara - Técnico de Microinformática Pleno	2	[{"changed": {"fields": ["Nome completo"]}}]	9	40
58	2025-12-12 18:33:18.44097+00	15	Gerente Regional	1	[{"added": {}}]	7	48
59	2025-12-12 18:33:53.738433+00	46	Maria Clara dos Santos Nagao - Gerente Regional	2	[{"changed": {"fields": ["Cargo"]}}]	9	48
60	2025-12-12 19:10:27.078022+00	36	João Paulo Motta Ribeiro - Analista de Suporte Júnior	2	[{"changed": {"fields": ["Cargo"]}}]	9	2
61	2025-12-12 19:10:53.184592+00	57	Ramon Veloso Salão - Analista de Suporte Júnior	2	[{"changed": {"fields": ["Cargo"]}}]	9	2
62	2025-12-12 19:11:17.078259+00	70	Eron Targino da Silva - Analista de Suporte Avançado II	2	[{"changed": {"fields": ["Cargo"]}}]	9	2
63	2025-12-12 23:40:27.432639+00	12	Everaldo de Jesus dos Santos - Tecnico de Microinformatica Especializado	2	[{"changed": {"fields": ["Equipe Principal"]}}]	9	68
64	2025-12-15 11:49:52.09703+00	1	Wellington Dias da Cunha Filho - Analista de Suporte Avançado II	2	[{"changed": {"fields": ["Exigir troca de senha?"]}}]	9	2
65	2025-12-15 11:56:05.407372+00	1	Wellington Dias da Cunha Filho - Analista de Suporte Avançado II	2	[{"changed": {"fields": ["Senha", "Exigir troca de senha?"]}}]	9	2
66	2025-12-15 12:52:44.465115+00	1	Wellington Dias da Cunha Filho - Analista de Suporte Avançado II	2	[{"changed": {"fields": ["Equipe Principal", "Outras Equipes (Secund\\u00e1rias)"]}}]	9	2
67	2025-12-15 12:59:07.841633+00	4	Edinaldo Lima Ferreira - Técnico de Microinformática Pleno	3		9	3
68	2025-12-15 12:59:37.145023+00	59	Rosianne Giminianne da Silva Cardoso - Supervisor Operacional	2	[{"changed": {"fields": ["Equipe Principal"]}}]	9	3
69	2025-12-15 13:12:43.991147+00	1	Wellington Dias da Cunha Filho - Analista de Suporte Avançado II	2	[]	9	3
70	2025-12-15 13:56:49.110649+00	1	Wellington Dias da Cunha Filho - Analista de Suporte Avançado II	2	[{"changed": {"fields": ["Equipe Principal", "Outras Equipes (Secund\\u00e1rias)"]}}]	9	3
71	2025-12-15 14:37:06.71352+00	17	Daiane de Souza Oliveira Ribeiro - Auxiliar de Limpeza	2	[{"changed": {"fields": ["Equipe Principal"]}}]	9	48
72	2025-12-15 14:40:59.928057+00	76	Thiago Moreira Conceição - Técnico de Microinformática Pleno	1	[{"added": {}}]	9	2
73	2025-12-15 14:43:09.101112+00	34	João Paulo Sampaio Almeida - Técnico de Microinformática Especializado	2	[{"changed": {"fields": ["Equipe Principal"]}}]	9	2
74	2025-12-15 14:43:38.682902+00	5	Hagamenon Nunes da Costa - Técnico de Microinformática Especializado	2	[{"changed": {"fields": ["Equipe Principal"]}}]	9	2
75	2025-12-15 14:44:17.186636+00	33	Joabe Moreira de Melo - Técnico de Microinformática Especializado	2	[{"changed": {"fields": ["Senha", "Exigir troca de senha?", "Equipe Principal"]}}]	9	2
76	2025-12-15 17:46:17.536978+00	67	Wagner Rodrigues de Souza - Gerente de Projetos II	2	[{"changed": {"fields": ["Cargo"]}}]	9	69
77	2025-12-15 18:12:22.227109+00	71	Gabriel Natan da Silva Lopes - Analista de Suporte Avançado II	2	[{"changed": {"fields": ["Entrada Padr\\u00e3o", "Sa\\u00edda Padr\\u00e3o"]}}]	9	2
78	2025-12-15 18:27:05.586045+00	3	Auxiliar de Serviços Gerais	2	[{"changed": {"fields": ["Nome do Cargo"]}}]	7	2
79	2025-12-15 18:30:24.823766+00	9	Copa	1	[{"added": {}}]	8	2
80	2025-12-15 18:30:30.686408+00	77	Jessiane Pereira da Silva - Auxiliar de Serviços Gerais	1	[{"added": {}}]	9	2
\.


--
-- Data for Name: django_content_type; Type: TABLE DATA; Schema: public; Owner: rhuser
--

COPY public.django_content_type (id, app_label, model) FROM stdin;
1	admin	logentry
2	auth	group
3	auth	permission
4	auth	user
5	contenttypes	contenttype
6	sessions	session
7	core_rh	cargo
8	core_rh	equipe
9	core_rh	funcionario
10	core_rh	registroponto
\.


--
-- Data for Name: django_migrations; Type: TABLE DATA; Schema: public; Owner: rhuser
--

COPY public.django_migrations (id, app, name, applied) FROM stdin;
1	contenttypes	0001_initial	2025-12-11 17:40:16.052062+00
2	auth	0001_initial	2025-12-11 17:40:16.167589+00
3	admin	0001_initial	2025-12-11 17:40:16.196374+00
4	admin	0002_logentry_remove_auto_add	2025-12-11 17:40:16.203879+00
5	admin	0003_logentry_add_action_flag_choices	2025-12-11 17:40:16.211528+00
6	contenttypes	0002_remove_content_type_name	2025-12-11 17:40:16.226486+00
7	auth	0002_alter_permission_name_max_length	2025-12-11 17:40:16.236587+00
8	auth	0003_alter_user_email_max_length	2025-12-11 17:40:16.287244+00
9	auth	0004_alter_user_username_opts	2025-12-11 17:40:16.29487+00
10	auth	0005_alter_user_last_login_null	2025-12-11 17:40:16.30347+00
11	auth	0006_require_contenttypes_0002	2025-12-11 17:40:16.305478+00
12	auth	0007_alter_validators_add_error_messages	2025-12-11 17:40:16.313823+00
13	auth	0008_alter_user_username_max_length	2025-12-11 17:40:16.330844+00
14	auth	0009_alter_user_last_name_max_length	2025-12-11 17:40:16.338987+00
15	auth	0010_alter_group_name_max_length	2025-12-11 17:40:16.347817+00
16	auth	0011_update_proxy_permissions	2025-12-11 17:40:16.355305+00
17	auth	0012_alter_user_first_name_max_length	2025-12-11 17:40:16.365148+00
18	core_rh	0001_initial	2025-12-11 17:40:16.466047+00
19	core_rh	0002_remove_funcionario_descontar_vale_transporte_and_more	2025-12-11 17:40:16.501936+00
20	core_rh	0003_alter_registroponto_options_and_more	2025-12-11 17:40:16.611401+00
21	core_rh	0004_funcionario_outras_equipes_alter_funcionario_equipe_and_more	2025-12-11 17:40:16.663655+00
22	core_rh	0005_alter_registroponto_arquivo_anexo	2025-12-11 17:40:16.671822+00
23	core_rh	0006_funcionario_bairro_funcionario_cep_and_more	2025-12-11 17:40:16.743102+00
24	core_rh	0007_alter_funcionario_cpf	2025-12-11 17:40:16.755837+00
25	sessions	0001_initial	2025-12-11 17:40:16.777402+00
26	core_rh	0008_remove_equipe_gestor_equipe_gestores	2025-12-12 12:18:19.738597+00
\.


--
-- Data for Name: django_session; Type: TABLE DATA; Schema: public; Owner: rhuser
--

COPY public.django_session (session_key, session_data, expire_date) FROM stdin;
ef9qaktblgrufb2i5wpz3eysxkeegqdw	.eJxVjDsOwjAQBe_iGln-O6akzxms9e6aBFAixUmFuDuJlALamXnvLTJs65C3xkseSVyFEZdfVgCfPB2CHjDdZ4nztC5jkUciT9tkPxO_bmf7dzBAG_a1Lab65EOHyil2sVAJhNAZHVl3Fam6pJU2UDjYhLYiRlXtzgx54CQ-X-nHOC0:1vTlH9:MhthM2JvTU408jbpGgR0ugLQVhK1eHaUTtdoMPVlVws	2025-12-25 18:20:27.94525+00
izgfn7uwlm8x0hrevgq0d0lp41vw8yms	.eJxVjLEOgzAMRP8lcxUBATvp2J1vQI5tCm2VSASmqv9ekBja5YZ77-5tBtrWadiKLsMs5mrAm8tvGYmfmg4iD0r3bDmndZmjPRR70mL7LPq6ne7fwURl2tdeXNUiRMcVBBaqPYJiw9COBNxA1_nArlaOQUSQmPbEMVTqa4co5vMFDk44hw:1vULvG:sVJM3zdvee0VhmajUZabOPBEsHFN4ifOpJaDgAF1LX4	2025-12-27 09:28:18.11219+00
wl346v2rrcpr7z0nhf3g6jepeszchbdo	.eJxVjMsOwiAQRf-FtSHCFIa6dN9vIMNjpGogKe3K-O_apAvd3nPOfQlP21r81vPi5yQuYlDi9DsGio9cd5LuVG9NxlbXZQ5yV-RBu5xays_r4f4dFOrlWwdnMUTWFBiANKikzm7U2TrH1oJGHhFtAgwwOAQ0RGxRGeKsDEcS7w__7zfr:1vU4ID:ZYHRlACPDDvUFg4SgmZqGX5TvJM9ri7tvLiqiJVht2E	2025-12-26 14:38:49.547386+00
ca1kcssessvc6nmdz1th9rnwzzaw9edo	.eJxVjMsOwiAQRf-FtSEO5enSfb-BwAxI1UBS2pXx35WkC13d5J6T82I-7Fvxe0-rX4hdmLLs9HvGgI9UB6F7qLfGsdVtXSIfCj9o53Oj9Lwe7l-ghF5G15icEnxHi0wg4KxARxDWxAnQabSTAY1CkRQQZCSHUZOcMoIjpSR7fwDnQTdO:1vU4Ih:xcOBXmWFLj7byG3qm84-IfwVgc_-7YGjGuHVF_3FUv8	2025-12-26 14:39:19.939633+00
uhy6ra14dr0dlf75ck38yuefj23dg7d6	.eJxVjMsOwiAQRf-FtSGFAZm6dN9vIAMzSNXQpI-V8d-1SRe6veec-1KRtrXGbZE5jqwuynp1-h0T5Ye0nfCd2m3SeWrrPCa9K_qgix4mluf1cP8OKi31W6OglwIcAFzHDlEgJEFga1MooZClc0fGQaYOvWfXZwfoe28gmWKden8AAwc3fw:1vVCaz:4m0n0GOOR5nbEK9DJ0DJCwQgGAel262dBF7XBXRXYqM	2025-12-29 17:42:53.819007+00
ebg7e758e8hn5btfx5dlblpq17a3dr37	.eJxVjMsOwiAQRf-FtSFIRx4u3fcbyMAMUjWQlHZl_HfbpAvd3nPOfYuA61LC2nkOE4mrACtOv2PE9OS6E3pgvTeZWl3mKcpdkQftcmzEr9vh_h0U7GWrTVZkB8_EWTvFF-_O0WROCaLWAMRaRe8ZIJEbCBE2bBFd9GQG47X4fAEnWTiq:1vU4Jk:WRkbK2kGMx8GvpiTGphT5l4NQb-BOwVI1OXXki6JlWs	2025-12-26 14:40:24.477204+00
1dqqd29l7ivfrq9vvs4qxbcmblfkuj0f	.eJxVjM0OwiAQhN-FsyEWFnbx6N1nIMtPpWpoUtqT8d2lSQ96nPm-mbfwvK3Fby0vfkriIlCcfrvA8ZnrDtKD632Wca7rMgW5K_KgTd7mlF_Xw_07KNxKX4dRU3QOEeFsYDAjsWOrlWIaDJqeHJDuDhEkchYU2YQAyMg66ig-X68bNl4:1vV7pu:ennZhk29GT8NQHIIX1nA-H-jcP5K1CRQVGOdA8LrWxM	2025-12-29 12:37:58.068232+00
0d94n58klz31wkczp93hkihj2jx4g36o	.eJxVjDsOwjAQBe_iGlkOXv8o6TmD5fWucQA5UpxUiLuTSCmgfTPz3iKmdalx7TzHkcRFGHH63TDlJ7cd0CO1-yTz1JZ5RLkr8qBd3ibi1_Vw_w5q6nWrGRKStlrpbFjb7Ezw-uwLOEKreENMjhHQQ1KeoIRQ3ABIbGCAAuLzBexdOBk:1vU2S9:WkPwFbXgyNXvAKBQY08_-M9slghxYlxksVrn_WxrG8w	2025-12-26 12:40:57.584984+00
dsq8j1jfeg8gbygvdt6hoah9f1hnyvz7	.eJxVjMsOwiAQRf-FtSE8hkdduvcbCDCDVA0kpV0Z_12bdKHbe865LxbittawDVrCjOzM9MROv2OK-UFtJ3iP7dZ57m1d5sR3hR908GtHel4O9--gxlG_NSFOHlySHgiyK0pYrYoqlLUhBAESvS3RgCSjvU_OmygEYTIA0mbH3h8Qnzfm:1vU4Kf:9LP1hrPCY8Wf8_bRZ1lkA8O8DUFXQdEtEOh2pjxli7g	2025-12-26 14:41:21.613189+00
ynz0uryy9fcettdh1ekz7txiiez2nwh8	.eJxVjMsOwiAUBf-FtSFQKIJL9_2G5r6QqilJHyvjvytJF7o7OTOZlxph38q4r7KME6uL6p06_Z4I9JC5Eb7DfKua6rwtE-qm6IOueqgsz-vh_gUKrKV1z7knZh9z-o6MXQ4Uo0QIYBFS9B5EMKSOQnSZevFskEww1opH49T7AzxeOQI:1vVD6Y:6WrCOJMxEq3J3V_C1YtA3CYBWjd9ryjQCBzQ2XFZCIo	2025-12-29 18:15:30.093837+00
3qlza8mqpmoluxrvidt1l6bun3rb9e07	.eJxVjEEOwiAQRe_C2hAKFAaX7j0DGZhBqoYmpV0Z765NutDtf-_9l4i4rTVunZc4kTgL58Tpd0yYH9x2Qndst1nmua3LlOSuyIN2eZ2Jn5fD_Tuo2Ou3NkoVZJ-d89boYA0ihKFowEzFhjEkwgI6W8CRIBMD68GAcZ5Z2QLi_QEOZjhV:1vU2Xa:B61G-VPaYclMgPT5Wsb-R9Q0pjQrFpS7WOmZGZeDSrc	2025-12-26 12:46:34.88309+00
3fez5f44hd2s97snia8zsdrcg7xzzkia	.eJxVjDsOwjAQRO_iGln-xGyWkp4zWF7biwPIluKkQtydREoBxTTz3sxb-LAuxa89z35K4iKMOP12FOIz1x2kR6j3JmOryzyR3BV50C5vLeXX9XD_DkroZVtb7Zi3mBwUAQ-gQbHTyroIhKBs5JE1DmN2hGh0PhskhykZAsugxecL0TU3VA:1vV9QE:PqO9PGw0gEmm9N_iHPAfHtpFWF3S7VG_vMJyt8P7IVc	2025-12-29 14:19:34.548342+00
9xuo5ag4kom04r6sfoj2bkd62wdy3a3a	.eJxVjEsOwjAMBe-SNYrcfGSHJXvOUCW2SwsolZp2hbg7VOoCtm9m3sv0eVvHfmu69JOYswlkTr9jyfzQuhO553qbLc91XaZid8UetNnrLPq8HO7fwZjb-K0pQfRD4CDAUkBIEX0kLoVcBwMgOkUJTj1CpuhFE3o3dBS7hIHZvD8AKzeJ:1vU4MB:oygJJipiN8_rLyNYEHF1hehwLlHiSObEprL9Aw0gmTM	2025-12-26 14:42:55.175475+00
0wu9crb5jih8xawaj5isqz5n03t1iits	.eJxVjDsOwjAQRO_iGln-xGyWkp4zWF7biwPIluKkQtydREoBxTTz3sxb-LAuxa89z35K4iKMOP12FOIz1x2kR6j3JmOryzyR3BV50C5vLeXX9XD_DkroZVtb7Zi3mBwUAQ-gQbHTyroIhKBs5JE1DmN2hGh0PhskhykZAsugxecL0TU3VA:1vU2he:Vmkrp4Hoy0_vLAuIJgmEanXgAv20AC3kNosdsgkYZQE	2025-12-26 12:56:58.343082+00
7jguau09jdok7qs7riecr3pjw5rtz9wo	.eJxVjDsOwjAQBe_iGlnrrHejUNJzBmv9wwFkS3FSIe4OkVJA-2bmvZSTbS1u62lxc1RnxVadfkcv4ZHqTuJd6q3p0Oq6zF7vij5o19cW0_NyuH8HRXr51oGFcKJIlNEDxoEYs6DPxlpLY8bAIyN4iVbQQJpyIgRhADsYw0a9P_soNyo:1vU2iu:evZe6XgmfKkd435Ubhr5fmUqqvmEYUzfIasvbhRxhDI	2025-12-26 12:58:16.499789+00
9as3zlzift7v8smu8x8cqd06fz9ujs5n	.eJxVjMsOwiAQRf-FtSEzMJbi0n2_gQwMSNWUpI-V8d-1SRe6veec-1KBt7WGbclzGEVdFDp1-h0jp0eediJ3nm5Npzat8xj1ruiDLnpokp_Xw_07qLzUbw1sECXa3uSMnS9kAYFiLw4pMUMxLADgoCtQiKI9Q-rFJzIdoMtevT_yGTdM:1vU4PW:E-BcymRN7wgX0Jia0Red57Gz4jKriPxiTfIw9oyF-oU	2025-12-26 14:46:22.868531+00
kjgv7ztpfy99tguphq0mwlfl0cwh7ttv	.eJxVjEEOwiAQRe_C2hBgCgWX7j0DmYGpVA0kpV0Z765NutDtf-_9l4i4rSVunZc4Z3EW4MXpdyRMD647yXestyZTq-syk9wVedAury3z83K4fwcFe_nWhlkRkUUNk86cnSNIniiMDhBVgmAGDAFgsi57pY3VZhh1MMnbgOzE-wMhZzfU:1vU4Pi:wr8XdAA7Qqkq1x-Q5D4U4C4I1iwvnvmY3hQ4vPOBmg0	2025-12-26 14:46:34.023027+00
muq5f7pj1m4nazuky8ufv38jo8yrldqf	.eJxVjEEOgjAQRe_StWmYTqHo0j1nINOZqaCmTSisjHdXEha6_e-9_zIjbes0blWXcRZzMaEzp98xEj8070TulG_FcsnrMke7K_ag1Q5F9Hk93L-Dier0rfEs6oQ9iGP0qF1s2piAKJD3XQNeQZPElLBBDsCOhByDb0Gx7zWY9wclnTiq:1vU4SV:dvA6VZYjJWf1vAX90z2v5m-ymrvanhcSkAGaVhIRB58	2025-12-26 14:49:27.831531+00
8pjx2sg1urtl6ifdqklf8u8y1jbxz3fe	.eJxVjEEOgjAQRe_StWmYTqHo0j1nINOZqaCmTSisjHdXEha6_e-9_zIjbes0blWXcRZzMaEzp98xEj8070TulG_FcsnrMke7K_ag1Q5F9Hk93L-Dier0rfEs6oQ9iGP0qF1s2piAKJD3XQNeQZPElLBBDsCOhByDb0Gx7zWY9wclnTiq:1vU4Sm:yIdYAOUpw5X8DHX2ZLKsAk1VNRQgIx8QLtxcxZ65J4Q	2025-12-26 14:49:44.443901+00
sa6benp1ih4gcbiiraivt8trzbwteo2e	.eJxVjEEOwiAQRe_C2hAKFAaX7j0DGZhBqoYmpV0Z765NutDtf-_9l4i4rTVunZc4kTgL58Tpd0yYH9x2Qndst1nmua3LlOSuyIN2eZ2Jn5fD_Tuo2Ou3NkoVZJ-d89boYA0ihKFowEzFhjEkwgI6W8CRIBMD68GAcZ5Z2QLi_QEOZjhV:1vU5dA:bVl7BjlsSPzzvz_K5ZhxudM-akAOSf-4D8AWIhSgj_A	2025-12-26 16:04:32.182114+00
gailtmba7vbugh6xn7fblw7zbbk4dide	.eJxVjDsOwjAQBe_iGlnrzzoOJX3OYK1_OIBsKU4qxN1JpBTQvpl5b-ZoW4vbelrcHNmVacUuv6On8Ez1IPFB9d54aHVdZs8PhZ-086nF9Lqd7t9BoV722mYpRoUGAmRLqJOhUSNFQ3FIqAxIEgKUlwiWssm4AwkhAA4y2Ejs8wXy6TfA:1vU4Gx:20w6VgdTcaziOnDACtGyteoJcIW4NiTjJ8tCRQ520WY	2025-12-26 14:37:31.974488+00
tyhg9c8kwhiz45g5ffws10jbp9agy113	.eJxVjEEOwiAQRe_C2hCYaQVcuvcMZBimUjU0Ke3KeHfbpAvd_vfef6tI61Li2mSOY1YXBaBOv2MifkrdSX5QvU-ap7rMY9K7og_a9G3K8roe7t9BoVa2mpFdDwaZz2w9eg6DkxByQAIjuQeXWYSStZ0zDMg4dADOEyNualKfLwzOODU:1vU4H4:7AIRGDclzn8N4z_ViqKfQv1HCevS2641Ta2ZuC_ZGvE	2025-12-26 14:37:38.628423+00
cet9gk13tlxnz4qo7hteimk8ila7gezr	.eJxVjDEOgzAMRe-SuYpCHAx07M4ZIjt2Cm0FEoGp6t0LEkO7_vfef5tI2zrEregSRzFXE4K5_I5M6anTQeRB0322aZ7WZWR7KPakxfaz6Ot2un8HA5Vhr3OTwGnXALgWvGNlqrQNDnMNjjgEDlqRF59Fuh0hojjEyneAOXFtPl8CVTf0:1vU4HF:hNbGec_UsAlHNkqwksOkJ0V_HVX0LqSIx29VITob5Zw	2025-12-26 14:37:49.775831+00
048qehoc1zuyy6vn9v77jut9vg8tcicc	.eJxVjMsOwiAQRf-FtSEzPKS4dN9vIAMDUjU0Ke3K-O_apAvd3nPOfYlA21rD1vMSJhYXcUZx-h0jpUduO-E7tdss09zWZYpyV-RBuxxnzs_r4f4dVOr1W9tiC2ogiy5BtOCjTgzgaNA-RwCMTnmTwSJqY7RnysaU4phIJTco8f4A7403ig:1vU4Hf:LtBVfAZbry7fTYE9ARS5KpPniDliIynh837N_uPyE6M	2025-12-26 14:38:15.867173+00
mo2s02c9lp9qzghebslnreqj1pf1hzxu	.eJxVjMsOwiAQRf-FtSFIRx4u3fcbyMAMUjWQlHZl_HfbpAvd3nPOfYuA61LC2nkOE4mrACtOv2PE9OS6E3pgvTeZWl3mKcpdkQftcmzEr9vh_h0U7GWrTVZkB8_EWTvFF-_O0WROCaLWAMRaRe8ZIJEbCBE2bBFd9GQG47X4fAEnWTiq:1vU4Hq:ADeX-eKeblWm1hYIhgVjd51aB_FqgOW3HyZ7eMt4xEA	2025-12-26 14:38:26.297398+00
vrpz8mwdj61loxsrjqfzab9kozlt0r12	.eJxVjDsOwjAQBe_iGllx1l9K-pwhWu8uOIBsKZ8KcXeIlALaNzPvpUbc1jJui8zjxOqsfK9Ov2NGekjdCd-x3pqmVtd5ynpX9EEXPTSW5-Vw_w4KLuVbA8SOrpxIuhhdzMkIkEPI4KIhYR_BOvASvMWEwYN4tn0iTAENB6veHwHtN8M:1vU4Tc:EZf2rOTM-bbrPCDWZZn78oO85yMKIiRNssdAAj_uqb0	2025-12-26 14:50:36.222748+00
l76b7eg7vyhffwm1fhl9rj0gnvipjh7t	.eJxVjDsOwjAQRO_iGln-xGyWkp4zWF7biwPIluKkQtydREoBxTTz3sxb-LAuxa89z35K4iKMOP12FOIz1x2kR6j3JmOryzyR3BV50C5vLeXX9XD_DkroZVtb7Zi3mBwUAQ-gQbHTyroIhKBs5JE1DmN2hGh0PhskhykZAsugxecL0TU3VA:1vUSgQ:pR4MjE7PjpCrjCXbRb7zd5dw5nByCL26Wrzzw2F1F-Y	2025-12-27 16:41:26.846313+00
2vd5b0c7inigz5q5ojate2ntqtthsbkq	.eJxVjDsOwjAQBe_iGlnr7zqU9JzBWtsbHECOFCcV4u4QKQW0b2beS0Ta1hq3zkucijgL58Xpd0yUH9x2Uu7UbrPMc1uXKcldkQft8joXfl4O9--gUq_fWo-AHhkKGYsJAvJABlFhJqc8jDkkU7wbdGCTMLNCKsBBs3HKgbXi_QH6-Dd8:1vU4hU:gp6x1X5xHGjec5H9IZCIL4D2s2oi79hrxC1KgO9DRLM	2025-12-26 15:04:56.774507+00
wl694r8q62yil4iwt90gahxyb3wdkks3	.eJxVjEEOwiAQRe_C2hAGClKX7nsGMswMUjVtUtqV8e7apAvd_vfef6mE21rT1mRJI6uLgk6dfseM9JBpJ3zH6TZrmqd1GbPeFX3QpoeZ5Xk93L-Diq1-aycezwDRcTShz1IMBQkQYo4C1tsOkEyfi2VH5AmYfCxCXIzjDoNR7w8GMDiH:1vUwYG:l9efC3devJbLXIiXVdikrPxqJa7MKGLG5rOEfebxrjo	2025-12-29 00:35:00.300897+00
duc4ur3132g9lh7xve1wr8ex5nsfoll6	.eJxVjEEOwiAQRe_C2hAptDAu3XsGMsxMpWogKe3KeHfbpAvd_vfef6uI65Lj2mSOE6uLcur0uyWkp5Qd8APLvWqqZZmnpHdFH7TpW2V5XQ_37yBjy1sdbBIIBALs0drOOwtE5oymH0MC48lxGiz1gLYbRiObgeCDgGGXiNXnC-AsN-w:1vU58B:XLl3XBC0clWkmfbFGegfHm2yHUPy-uAflzZUhR8PD50	2025-12-26 15:32:31.560507+00
q43pc042s5k7xq23g80l07wnn5m23i6c	.eJxVjEEOwiAQRe_C2hCBMgWX7nsGMgyDVA0kpV0Z765NutDtf-_9lwi4rSVsnZcwJ3ERVonT7xiRHlx3ku5Yb01Sq-syR7kr8qBdTi3x83q4fwcFe_nWZz-Q4awZNIBS0SePLnlrmGKGAciTdsYaSMpTzhQHRAfIehw5oiLx_gAQcDjV:1vV7aV:-bCrQcq9zWN1SFZbRH_gnCKjAbCNp1g1U-e_awJJHD0	2025-12-29 12:22:03.6618+00
tjyfab1w2b5m71pm39c3nf40yp1xfdao	.eJxVjDsOwjAQBe_iGln-YTuU9DmDtbve4ACypTipEHeHSCmgfTPzXiLBtpa0dV7SnMVFGC1OvyMCPbjuJN-h3pqkVtdlRrkr8qBdji3z83q4fwcFevnWQQNRRvLWOqMUG9bG6jANHtUQGDIoOJvoAH1mJhcn1JadhegdQiDx_gATXTin:1vU5E6:ApXzJBGM0e3Z1q0UMLc8HrKK-GJdm6gGQ8ad1a8KziY	2025-12-26 15:38:38.466462+00
l4dwu4uo89soega620l3ej3krj0ni63p	.eJxVjMsOwiAQRf-FtSEUBui4dO83EJgZbNXQpI-V8d-1SRe6veec-1Ipb-uQtkXmNLI6K-_V6XcsmR7SdsL33G6Tpqmt81j0ruiDLvo6sTwvh_t3MORl-NahEnI0AB3VzkYSzwEtIAauRWpG7ItxAM6Z4jBYYonQZzDcU5Bi1PsDDFk4Hg:1vU5bJ:UascXeD_3HhiQTAynZlZkZKnOEyJXesYon4L8vY8OfY	2025-12-26 16:02:37.302876+00
owmatfozjjte37tit2wft7vrt2kneycw	.eJxVjMEOwiAQRP-FsyFAkQWP3v0GsixbqRpISnsy_rtt0oNe5jDvzbxFxHUpce08xymLizBBnH7LhPTkupP8wHpvklpd5inJXZEH7fLWMr-uh_t3ULCXbU1uAOucNRQ0AIQtWSWrKRseAdk6NKPG4DxkNRgIZ0qevSVFBi0q8fkC6aA3hg:1vU779:sqhJWSqBTR0wmA-9T4BrJjlc6bP5_bHfngafr5pralI	2025-12-26 17:39:35.168161+00
g8m74hnmbwojem3girjtwze2hynqgmcw	.eJxVjDsOwyAQRO9CGUXI9oKBVFH6nAEt7PoT_yRjV1HuHiO58ZRv3sxXrJx48zxhP_oJ08AkHgJvOenZZizjMom78Lhvnd8Tr77PTglXGDAOPOeGPji3yzGbt7UPMivybJN8L8Tj63QvBx2m7lgXpAtCbRVZgABR61A4YMd1bQ0oIHRk2RjUmkulo8EKmwaUaoI1lXHi9wdc7kVn:1vVCQ5:Gdw62Kwi2H1UJSHjTXRwyvYcu-V8EzAWQGYv91heB0Q	2025-12-29 17:31:37.124919+00
0gwutdsb4wraee1ncbkp6fw4g0yxx3ju	.eJxVjMsOwiAQRf-FtSFQpgO4dO83kBmGStXQpI-V8d-1SRe6veec-1KJtrWmbSlzGkWdVe_V6Xdkyo_SdiJ3ardJ56mt88h6V_RBF32dpDwvh_t3UGmp39p27LPti0COPlq0wSIOEICNccA9iwCyALEDAjc4g0gxGEAyZEun3h_x1Tdk:1vU8X2:kDNemGbsS4OA7y4E93e2BkSwLOQzYZceW1xHiWL-PoI	2025-12-26 19:10:24.836818+00
q42m60ri01w2n3218d5tg7ddyc1p8elu	.eJxVjMsOwiAQRf-FtSGFAZm6dN9vIAMzSNXQpI-V8d-1SRe6veec-1KRtrXGbZE5jqwuynp1-h0T5Ye0nfCd2m3SeWrrPCa9K_qgix4mluf1cP8OKi31W6OglwIcAFzHDlEgJEFga1MooZClc0fGQaYOvWfXZwfoe28gmWKden8AAwc3fw:1vVCqD:qAW2C_GN2YUXavGBxokaaEzqgkZsTHihKGmY1O_Lk6M	2025-12-29 17:58:37.091604+00
d048v91we25u14mhwd60kszrmljqbbut	eyJyZXNldF9lbWFpbF9tYXNrZWQiOiJhKioqKipzQGdtYWlsLmNvbSJ9:1vV81f:p9sznDmqQOoZhZzlJVst9QbGxjGDbQM-raQ4bMcadDY	2025-12-29 12:50:07.327651+00
sb8bw975kxquhvg8rkwgts5gdoeqjz3b	.eJxVjEEOwiAQRe_C2hA7DBRcuvcMZKYMUjU0Ke3KeHdD0oUmf_Xfy3urSPtW4t5kjXNSF-WMOv2eTNNTaifpQfW-6Gmp2zqz7oo-aNO3Jcnrerh_gUKt9G5CshasIRzYn9GORkx26CFlAghhJCfiLCCYIaP3oY-Ig7PEwurzBeJnN2M:1vU9dz:UFFfNT6IlQgu16DuCoUzccdPetc-2BVEQK2dEdH9Q_0	2025-12-26 20:21:39.194817+00
e4ip3ixrbinzl7e9b46597e545qbv3xx	.eJxVjEEOwiAQRe_C2hAGClKX7nsGMswMUjVtUtqV8e7apAvd_vfef6mE21rT1mRJI6uLgk6dfseM9JBpJ3zH6TZrmqd1GbPeFX3QpoeZ5Xk93L-Diq1-aycezwDRcTShz1IMBQkQYo4C1tsOkEyfi2VH5AmYfCxCXIzjDoNR7w8GMDiH:1vUBB0:24X_S1TKD1mnf8qGWdDcKv4hZNFloVz1x2iWEMHdg74	2025-12-26 21:59:50.61466+00
pv0npyz1bi3evpitfgsl6m95qnrzx2vr	.eJxVjDsOwjAQRO_iGlnexF9K-pwh2vWucQAlUj4V4u4kUgooppn3Zt6qx22t_bbI3A-srio06vJbEuanjAfhB473SedpXOeB9KHoky66m1het9P9O6i41H1dGjHZuLZNqUAgF3zMTSh7wJJndoSU2HjABKmIMdYmSxgiQKRWQH2-_uk3qA:1vVD4G:mtBinl00BZFxtmpsRKQe9pFNTACd4FTaqBRp6S80spE	2025-12-29 18:13:08.066891+00
ac3fea372z8tuceld7yrk5fjfh39kxza	.eJxVjMsOwiAUBf-FtSFQKIJL9_2G5r6QqilJHyvjvytJF7o7OTOZlxph38q4r7KME6uL6p06_Z4I9JC5Eb7DfKua6rwtE-qm6IOueqgsz-vh_gUKrKV1z7knZh9z-o6MXQ4Uo0QIYBFS9B5EMKSOQnSZevFskEww1opH49T7AzxeOQI:1vVD8e:SNPFo89xgC1-A56KiwgOFdzfNwOWOIOtWSo9kUSBp_s	2025-12-29 18:17:40.780437+00
4upboc0fa2evw294ho95ogemv7xl1ny0	.eJxVjDsOwjAQRO_iEiHL8RdTIXrOYK3Xmy-JpTipEHcnEWky5bw382EzFVoCjdC9wwhloMTurL_8kx_NDjjmkV1ZgHVpw1poDt1uKXsuI-BA005SD1OTt9m0zF3ku8IPWvgrJ3o_D_d00EJpt7VEiUbUUhhDOta6SsprFW8ONEFEtFKjc8oY8AJBJetEpRV665RUpvLs-wO3EUU9:1vV7FQ:Epo3cbxpH0Vj-JlH4Nc__tqeYT_oldG_RzW3dSdpIWk	2025-12-29 12:00:16.464413+00
rlwokn9qe6csftwuk8ei8zxqkz64b1p3	.eJxVjEsOwjAMBe-SNYocJ7QJS_Y9Q2XXDi2gROpnhbg7VOoCtm9m3sv0tK1jvy0695OYi0FvTr8j0_DQshO5U7lVO9SyzhPbXbEHXWxXRZ_Xw_07GGkZv3WOGDw6GBRZtHUsoJ4gBXHSBEwpZmXlFiADCbISa4PuHHPUlCOY9wcX9ji6:1vV907:07BQLxjFUTje1Vrpq6s_WCbgQT8pQvzUcYO3VDz88-8	2025-12-29 13:52:35.749579+00
3unyuvn04vru6dp50jui8mc9ainrqag1	.eJxVjEsOwjAMBe-SNYqSNDWBJXvOUNmxTQookfpZIe4OlbqA7ZuZ9zIDrksZ1lmmYWRzNr0zh9-RMD-kboTvWG_N5laXaSS7KXans702ludld_8OCs7lW4siEPW9ZgbpCJk5dkljJIXoEZLwUZPLntiBR9V8cqDJB3AiIQbz_gBRozlR:1vV7LQ:9Sy_d7BR8j2IAwdHOgKWCXuG5XPiODFTEMaEMrcXVu8	2025-12-29 12:06:28.929826+00
9x0df8ule8jpr1m3jkq8timvz9mwrori	.eJxVjMsOwiAQRf-FtSFCeRSX7v0GMswMUjWQlHZl_HfbpAvd3nPOfYsI61Li2nmOE4mLsEacfscE-OS6E3pAvTeJrS7zlOSuyIN2eWvEr-vh_h0U6GWrA6jsrfUOKBCGs-Ns_KitTcojWcp6A0CUs0qcmQZQOnn0g8FxcMji8wUsGTlr:1vV7U2:2_Ua5EgDl8-EBpsXFkIJFe-x-Jh17Qe4S2SBlI8BYiY	2025-12-29 12:15:22.272741+00
yrtrrfhz40ueunfooug84gvt1a8vazxs	.eJxVjEEOwiAQRe_C2hAGClKX7nsGMswMUjVtUtqV8e7apAvd_vfef6mE21rT1mRJI6uLgk6dfseM9JBpJ3zH6TZrmqd1GbPeFX3QpoeZ5Xk93L-Diq1-aycezwDRcTShz1IMBQkQYo4C1tsOkEyfi2VH5AmYfCxCXIzjDoNR7w8GMDiH:1vV9vN:fj8YOeNrwr-uHtJIS63WJHcIhPR4SZf6iPr-dCTS4TY	2025-12-29 14:51:45.226054+00
1kicnlypsbsh3eck9iptdnkt89a0p85i	.eJxVjMsOgyAURP-FZdMQBBXsqum-30C43GuxPkhAF03Tf68kbpzlzDnzZYkyrZZmN0x2dnkkZDcWLkfE_eNCjNzHmUNiV2bdtga7ZUp2KKQ5d-D8SEsZ8O2WVxGXNQ3AC8KPNfNnRJoeB3s6CC6H3ZaiNbrFhoxptCKECkhAJ3pVtwBSKdHrpu6l6Qg1eG8AZQdIwlc7Ap79_mt9R28:1vVAjM:_N_7Tt5VEGePG44OG3lTZOOwUpiF6bzketSrMjaT6oM	2025-12-29 15:43:24.072091+00
ny2z7xhqflybnl9iiuuqu2v2hkgde9w0	.eJxVjEEOwiAQRe_C2hDaKQy4dO8ZyDCAVA0kpV0Z765NutDtf-_9l_C0rcVvPS1-juIsjBOn3zEQP1LdSbxTvTXJra7LHOSuyIN2eW0xPS-H-3dQqJdvnYKZJp3GAIqZtbHEBoApJHYqIqOGOIbMYDFjVhk5Q0QcLA0OnQPx_gAxLjiy:1vV6M0:Gc29pebukE75beLnIa4RVkIK3AY959I_dt26swME-hI	2025-12-29 11:03:00.825783+00
jfdgrm9tiex8zvlv6m3zl6kdxpfkp6ec	.eJxVjMsOwiAQRf-FtSFQGB4u3fsNZGBAqgaS0q6M_65NutDtPefcFwu4rTVsIy9hJnZmWrDT7xgxPXLbCd2x3TpPva3LHPmu8IMOfu2Un5fD_TuoOOq3BjTF2axcJkA9yYmkLQgFrErGGyBjUYmUpI7CoyJhhEVApwqQT1mz9wcFHzgJ:1vU6F6:ScXDbWjjEi9JvChws0OZKkVoXs2ObR9cV1G_WBusBPY	2025-12-26 16:43:44.319445+00
afcqh4by38u9ldpa87uffd072moanq4q	.eJxVjEEOwiAQRe_C0hhiC3QGV8a9ZyBToFJrS1Loynh3IXbTv5t57_8PW33y2fiZxreZKU3esSsLp3_SLcRcEbdxZmdmaMvBbMmvZqweHH892ckvFbgXLc9YWktex55Xhe808Ud0_n3f3cNAoBRKux8EWq0BQF6UbNSApKkTbUvYKFDl0hJFcRClQ93JFjsHUgIBCSss-_4AEUdFRg:1vV7yF:MAWSV7XyxoSe24V0JvemmSLmtenwl8x0XPbxzPk1JKk	2025-12-29 12:46:35.139935+00
unrvtdvi0fx87jlr1fbrqdtrp53v2a6w	.eJxVjDsOwjAQBe_iGlkbf7IOJT1niHazNg4gW4qTCnF3iJQC2jcz76VG2tY8bi0u4yzqrLqgTr8j0_SIZSdyp3KreqplXWbWu6IP2vS1SnxeDvfvIFPL35oxBhTboemNjaEH8GCcoKWUDFCUIXnGxMEHccgiMABYSOyMIQui3h_5HzfK:1vU77T:8eUJniXOJR0K4tiYQ0mQGF8yzscLlgvKFB0LPAjX3do	2025-12-26 17:39:55.441677+00
1eefwtbtt5bwumne9i972v4gfixg09v3	.eJxVjMsOwiAUBf-FtSFQKIJL9_2G5r6QqilJHyvjvytJF7o7OTOZlxph38q4r7KME6uL6p06_Z4I9JC5Eb7DfKua6rwtE-qm6IOueqgsz-vh_gUKrKV1z7knZh9z-o6MXQ4Uo0QIYBFS9B5EMKSOQnSZevFskEww1opH49T7AzxeOQI:1vV78N:-YCL_ytBJwGNwnzfLXmhJT-sX5f252mv49zFdw_8xVM	2025-12-29 11:52:59.009235+00
2sec38ewf43d9jycub2a3azrd0pk8eoo	.eJxVjMsOwiAQRf-FtSGFAZm6dN9vIAMzSNXQpI-V8d-1SRe6veec-1KRtrXGbZE5jqwuynp1-h0T5Ye0nfCd2m3SeWrrPCa9K_qgix4mluf1cP8OKi31W6OglwIcAFzHDlEgJEFga1MooZClc0fGQaYOvWfXZwfoe28gmWKden8AAwc3fw:1vVD06:s1Bm8vlbnxfbJ4a9zAmjMw2FBqjnDv16Gk2NOrMUO4g	2025-12-29 18:08:50.874207+00
pq4voaqlwdbmw3uck7tba7fz46bq1om5	.eJxVjEEOwiAQRe_C2hBAgdal-56BzDCDVA0kpV2Z3r1t0oVu33v_f0WAZc5haTyFkcRd3Hpx-YUI8c3lMPSC8qwy1jJPI8ojkadtcqjEn8fZ_h1kaHlfa9aILlFnESMCMgH6jrxnZSldLYB3RqNnZxRxiqonYxI4BTtJ2ol1A1gpOak:1vV7Gw:UfEDK_hrZM9A9XMrvG_wAtz2imq-CondZmyX7c_3pZ0	2025-12-29 12:01:50.6682+00
d3gofz8frnihp9zz9g44sdi1kfjzrx4l	.eJxVjDsOwjAQBe_iGlmx40-Wkp4zRLveNQ4gR4qTCnF3iJQC2jcz76VG3NYybk2WcWJ1Vr1Vp9-RMD2k7oTvWG-zTnNdl4n0ruiDNn2dWZ6Xw_07KNjKt7bETgSI-j6jlUDUYRcdsAspEXDwg7EGvWeTYswBgbmLEbKgBzcY9f4ALTU4ng:1vU8Us:zEpOJt7-O-UfsQQdDyzYmyXih8lltJeC0K1Bdg1o-qc	2025-12-26 19:08:10.09667+00
fpxwfpslx2yg5qpef8f83n4cpxy5qx2f	.eJxVjDkOwjAUBe_iGln-S2Kbkp4zWF6-cAA5UpxUiLtDpBTQvpl5LxXittawdVnCVNRZWadOv2OK-SFtJ-Ue223WeW7rMiW9K_qgXV_nIs_L4f4d1Njrt6ZEYljAGYzsHYh46wonHmBktpIdECKgIUt-ECcjFrGGPAIkQFLvD9yQNlY:1vV9p5:k3kvC2RO_CJECrKodHevtal6LYik8aDimMWKlM8-Olg	2025-12-29 14:45:15.061124+00
268faagwit299ytgt4ovu20zxn4vd762	.eJxVjDsOwjAQBe_iGlmJP2ubkj5niHa9Ng4gW8qnQtydREoB7ZuZ9xYjbmsZtyXN48TiKoK4_G6E8ZnqAfiB9d5kbHWdJ5KHIk-6yKFxet1O9--g4FL2OneOHVHvVWLwNkLIYAhYUe-swc5HDZwNBEXapEjKZo19ZzUEt_ssPl_pSDeJ:1vU95w:k3r2Fsz077oHmB9c631922IJdrCggeHxT8zdcRkwIHA	2025-12-26 19:46:28.171563+00
vzpie4n83fi7nl6a92cfefrw7yw5xp4z	.eJxVjEEOwiAURO_C2hD6CxRcuu8ZCPA_UjWQlHZlvLs06UKXM-_NvJnz-5bd3mh1C7IrG4Bdfsvg45PKQfDhy73yWMu2LoEfCj9p43NFet1O9-8g-5b7OoHyAcB6SxiFQTMlAGMRZQhaSepAKB21HbVIMCRLJEWPMo1hSmTY5wsT5DhW:1vV7Mm:eCEDqY_MbzX39KTfvzfI8Bbo0ve5rgPkkMhYhkrGuNk	2025-12-29 12:07:52.011912+00
06eodb6yrkqb9gz1mgqk1rickh8tn7a7	eyJyZXNldF9lbWFpbF9tYXNrZWQiOiJqKioqKioqKipvQG91dGxvb2suY29tIn0:1vUB9g:-TMOmZASodYVk1p8sswGnUSQx-lUQ3J0J112dFBBGto	2025-12-26 21:58:28.269065+00
9kt8i6qcawx4pdhgqnlniie4mratf27p	.eJxVjMsOwiAQRf-FtSFQGB4u3fsNZGBAqgaS0q6M_65NutDtPefcFwu4rTVsIy9hJnZmWrDT7xgxPXLbCd2x3TpPva3LHPmu8IMOfu2Un5fD_TuoOOq3BjTF2axcJkA9yYmkLQgFrErGGyBjUYmUpI7CoyJhhEVApwqQT1mz9wcFHzgJ:1vU6EL:L9zxQzXlglwmYS8ENMbIxCqs3iEX0BbF-Rnz5AFGk1Q	2025-12-26 16:42:57.771376+00
pm2uutje01gmvtucyum5ik3wcirjpg4j	.eJxVjMsOwiAQRf-FtSFCeRSX7v0GMswMUjWQlHZl_HfbpAvd3nPOfYsI61Li2nmOE4mLsEacfscE-OS6E3pAvTeJrS7zlOSuyIN2eWvEr-vh_h0U6GWrA6jsrfUOKBCGs-Ns_KitTcojWcp6A0CUs0qcmQZQOnn0g8FxcMji8wUsGTlr:1vU61d:a3c4aQ59nYi0Bl2FCHSr3eDP8NzNbaXwcB-sJS1QXzQ	2025-12-26 16:29:49.188979+00
slvuw4eqhvv437hyp88npzd2ctq4s0bh	.eJxVjMEOwiAQRP-FsyFhgcV49O43kF1YpGpKUtqT8d-lSQ96m8x7M28VaVtr3Losccrqogyq02_JlJ4y7yQ_aL43ndq8LhPrXdEH7frWsryuh_t3UKnXsWYL1oQMTlwwgDaFAJ4LkggHKGLLYAk8IWEyXvDseDhkJY8kWX2-Axk4lA:1vUXYv:pAxxt_tSZF9zyKGR7p954Gr_UJ38ExCVHwprOnZ_jkw	2025-12-27 21:54:01.765053+00
o7qgpztyjipa5lktlxdu9h1t6xte6iha	.eJxVjEEOwiAQRe_C2hAptDAu3XsGMsxMpWogKe3KeHfbpAvd_vfef6uI65Lj2mSOE6uLcur0uyWkp5Qd8APLvWqqZZmnpHdFH7TpW2V5XQ_37yBjy1sdbBIIBALs0drOOwtE5oymH0MC48lxGiz1gLYbRiObgeCDgGGXiNXnC-AsN-w:1vVBxM:OeO0JFsfgO_AT4ihbefV_Gnj0V7H1J6sJToj6Evhqp8	2025-12-29 17:01:56.008613+00
sm5228r82e2atwu9li167bqixihifnu7	.eJxVjMsOwiAQRf-FtSGFAZm6dN9vIAMzSNXQpI-V8d-1SRe6veec-1KRtrXGbZE5jqwuynp1-h0T5Ye0nfCd2m3SeWrrPCa9K_qgix4mluf1cP8OKi31W6OglwIcAFzHDlEgJEFga1MooZClc0fGQaYOvWfXZwfoe28gmWKden8AAwc3fw:1vU6tW:awmL4gtQJ_CIdVIeDYe_VBTeXnDmpC9aY06pxVzRwYc	2025-12-26 17:25:30.045857+00
n9nblnvn8ogj016aj14gw7ecu90qnncx	.eJxVjMsOwiAQRf-FtSG8B1y67zcQyoxSNZCUdmX8dyXpQrf3nHNfLKZ9K3HvtMYF2Zlpw06_45zyg-ogeE_11nhudVuXmQ-FH7TzqSE9L4f7d1BSL6NWIAGU1OAzKgNCCGcMqBm0keS9s8pCSOnraMTg0OmgCa8EpLwPlr0_vkA2fA:1vV726:B2-O25MOjGFXPoghjCTLqMNau-69a-96l6V0Y0V6UsM	2025-12-29 11:46:30.773014+00
x9zzlkh80vfifbxx5k3i4afp450hu0j9	.eJxVjMsOwiAQRf-FtSGFAZm6dN9vIAMzSNXQpI-V8d-1SRe6veec-1KRtrXGbZE5jqwuynp1-h0T5Ye0nfCd2m3SeWrrPCa9K_qgix4mluf1cP8OKi31W6OglwIcAFzHDlEgJEFga1MooZClc0fGQaYOvWfXZwfoe28gmWKden8AAwc3fw:1vU75h:kgtxvLi8mVkYUDYiPfS9sjscpDkHCZGevRm-0-AvZ9o	2025-12-26 17:38:05.434434+00
25dkhilmykj509c9v498dqsyctnvcrvv	.eJxVjDsOwyAQBe9CHSFAmE_K9DkD2mWX4CTCkrErK3ePkFwk7ZuZd4gE-1bT3nlNM4mrsEZcfkeE_OI2CD2hPRaZl7atM8qhyJN2eV-I37fT_Tuo0OuoXcjOISlndIEQvMUJtXGsVCiB2ELGHC2Xwrp49oo9aQ0YozNTtlp8vhxmOKA:1vV77n:BL7CAWbZd_bgYIV0aloglxZ8gRkIVrtjAEPp7eDZP9U	2025-12-29 11:52:23.713392+00
roda04ztppehdyr5ghu33h75bsmlptb6	.eJxVjDsOwyAQBe9CHSFAmE_K9DkD2mWX4CTCkrErK3ePkFwk7ZuZd4gE-1bT3nlNM4mrsEZcfkeE_OI2CD2hPRaZl7atM8qhyJN2eV-I37fT_Tuo0OuoXcjOISlndIEQvMUJtXGsVCiB2ELGHC2Xwrp49oo9aQ0YozNTtlp8vhxmOKA:1vU7CT:lOeteQ0uNSULdAuqWv0nskuFFrHQxngW1Vm2NWJICyg	2025-12-26 17:45:05.151272+00
q6cgyvbyry8uiqzhn4vc1qofrw5jgy94	.eJxVjEEOwiAQRe_C2pAKtAwu3XsGMsMMtmpoUtqV8e7SpAvd_vfef6uI2zrGrcoSJ1YX5Z06_Y6E6SllJ_zAcp91msu6TKR3RR-06tvM8roe7t_BiHVs9eCcRUiUwbr-LEyS2AcP2HEfqMsAlrMB01sSHgyyDL7LoRXU7BTU5wsgfTkR:1vVD8R:nyV_KtT5sDzAY2u-OJJx6pFCfG1OzPBz7Fg9h4JIQUk	2025-12-29 18:17:27.801607+00
r44zhj0y3kng16nodzsb37hc1jrxads2	.eJxVjMsOwiAQRf-FtSFQpgO4dO83kBmGStXQpI-V8d-1SRe6veec-1KJtrWmbSlzGkWdVe_V6Xdkyo_SdiJ3ardJ56mt88h6V_RBF32dpDwvh_t3UGmp39p27LPti0COPlq0wSIOEICNccA9iwCyALEDAjc4g0gxGEAyZEun3h_x1Tdk:1vV7OQ:WpcyCH_aJSwEHMXSTeETsK6Ts1XudnbJ0dblwJzWkxs	2025-12-29 12:09:34.548198+00
plpbtfrlysso8973icsa8kjk8oo2xinx	.eJxVjLEOgzAMRP8lcxUBATvp2J1vQI5tCm2VSASmqv9ekBja5YZ77-5tBtrWadiKLsMs5mrAm8tvGYmfmg4iD0r3bDmndZmjPRR70mL7LPq6ne7fwURl2tdeXNUiRMcVBBaqPYJiw9COBNxA1_nArlaOQUSQmPbEMVTqa4co5vMFDk44hw:1vV7PG:yk_68XfDCUsAYuWiBG7FT0rwzmOs0eRBb5ibTl3WBzg	2025-12-29 12:10:26.465873+00
z25wvuvy2hu048t21foo89m87pm9s3pw	.eJxVjDsOwjAQBe_iGln-Z6GkzxmsXa-NA8iR4qRC3B0ipYD2zcx7iYjbWuPW8xInFhdhtTj9joTpkdtO-I7tNss0t3WZSO6KPGiX48z5eT3cv4OKvX7rBEURECQqAazVxmdwbGkwgQHOrJ0DIG89DQULKwTDFjk4VTCwIfH-AA6KOG4:1vV7QJ:XGUuaS46icUOMUiH9crGzuvPfgWgl2Thx1ZwWwbCluQ	2025-12-29 12:11:31.042187+00
2y7uwcx81p7ixgn31oziwqpu784t1qhx	.eJxVjDsOgzAQRO_iMoosbC_-pIrS5wzWGq-B8JMwVFHuHizRMOWbN_NlK2XaPE3Yj37CPFBkD9beSujZFsybZWJ35nHfOr9nWn1fHKmvMGAz0Fya-MG5XY7ZvK194EXhZ5v5e4k0vk73ctBh7o61JSEkOGVNsBJqE6sqVNYYZwVGEAG0IYcKjE4aFDibUnJSiVolEerQsN8fKOZEcw:1vV94s:in8b_lq-D17i1cgmJaE0hOHsslr3NGZoanoYEHgMN8U	2025-12-29 13:57:30.169581+00
bkiwytc29uss5kvulaxjo3w2u1xr39tq	.eJxVjMsOwiAQRf-FtSFQpgO4dO83kBmGStXQpI-V8d-1SRe6veec-1KJtrWmbSlzGkWdVe_V6Xdkyo_SdiJ3ardJ56mt88h6V_RBF32dpDwvh_t3UGmp39p27LPti0COPlq0wSIOEICNccA9iwCyALEDAjc4g0gxGEAyZEun3h_x1Tdk:1vU9YX:dVBbgcm8FuS7JS2z-CsWuYldFGGJOGqit1x33uSGwps	2025-12-26 20:16:01.874872+00
jltluroms4qm1lzj2gepgfpgq8r289y9	.eJxVjEEOwiAQRe_C2hAKFAaX7j0DGZhBqoYmpV0Z765NutDtf-_9l4i4rTVunZc4kTgL58Tpd0yYH9x2Qndst1nmua3LlOSuyIN2eZ2Jn5fD_Tuo2Ou3NkoVZJ-d89boYA0ihKFowEzFhjEkwgI6W8CRIBMD68GAcZ5Z2QLi_QEOZjhV:1vV7Sh:z3siTC4EU_F-42wazmeYa4FmxwAHwqWb6lXWWsbYG_I	2025-12-29 12:13:59.987074+00
4doehqsldm8fdnmiimxjhamkwt4adl3l	.eJxVjDEOwjAMRe-SGUVqUicOIztniOzYoQXUSk07Ie4OlTrA-t97_2UybeuQt6ZLHsWcDThz-h2ZykOnncidpttsyzyty8h2V-xBm73Oos_L4f4dDNSGb40hYazed5XYA4BCdRyjCBInoF57FfSpsOekQIIYxRUJsWcfOkTz_gATszhi:1vV9vd:w3-jYL2gYuFYFiSkBmkEiIjR0Vt9HT_fuBnoaYqZttw	2025-12-29 14:52:01.821907+00
kq9tisaqhoq2chpbzwxalxh6mg00ek0w	.eJxVjLEOgzAMRP8lcxUBATvp2J1vQI5tCm2VSASmqv9ekBja5YZ77-5tBtrWadiKLsMs5mrAm8tvGYmfmg4iD0r3bDmndZmjPRR70mL7LPq6ne7fwURl2tdeXNUiRMcVBBaqPYJiw9COBNxA1_nArlaOQUSQmPbEMVTqa4co5vMFDk44hw:1vV7TT:-Yin_FelxRA04END4RNcZKdwO8jrcJE-REAlI3c7TQM	2025-12-29 12:14:47.769941+00
rgg6ipikxkal3nzoej0f2ukjhbao5ecb	.eJxVjDEOwjAMRe-SGUVqUicOIztniOzYoQXUSk07Ie4OlTrA-t97_2UybeuQt6ZLHsWcDThz-h2ZykOnncidpttsyzyty8h2V-xBm73Oos_L4f4dDNSGb40hYazed5XYA4BCdRyjCBInoF57FfSpsOekQIIYxRUJsWcfOkTz_gATszhi:1vV9xd:ozzX9YoQigwVjjzGfrv6_RLNdrGSLlc8nxFJGcv87cM	2025-12-29 14:54:05.087302+00
tk9t0olu55ucd3wqdntnsz0x8klth9iv	.eJxVjLkOwyAQRP-FMooQPsBLKit9vgEt7PqIL8ngKsq_J0huPOWbN_MRO0dOjhccZ7dgnJjEQ6RbTtX2GcuwLeIuHB5pcEfk3Y3ZMfoKPYaJ19zQG9d--8_WtI9eZkWebZSvjXh-nu7lYMA45HUHhkBDTQXqDjBoakxJFAitr602lSXkqgFQYINV5BUCQFkEUyumUnx_Z2JF1w:1vV7VX:N96Isq1xvk4tc5HFfe43qPUWYkrozlkkMkANgIB3MwE	2025-12-29 12:16:55.295348+00
38ztqntyex1hs6dq7i06s6yg8kjphr7o	.eJxVjMEOwiAQBf-FsyHQUmA9eu83EFgWqRpISnsy_rs06UGvM_Pemzm_b9ntjVa3RHZlxrDLLwwen1QOEx--3CvHWrZ1CfxI-Gkbn2uk1-1s_w6yb7mvvU0KwUpQUmpBGBOi1kBkLQJOoZOBIkxW9wxICeFVGvRII0phkmafLyaWOI4:1vVA0F:FSMigxWbmTS4PhcEt_ImNN8k45id1gAXF1YTn5ixnx0	2025-12-29 14:56:47.850256+00
\.


--
-- Name: auth_group_id_seq; Type: SEQUENCE SET; Schema: public; Owner: rhuser
--

SELECT pg_catalog.setval('public.auth_group_id_seq', 1, true);


--
-- Name: auth_group_permissions_id_seq; Type: SEQUENCE SET; Schema: public; Owner: rhuser
--

SELECT pg_catalog.setval('public.auth_group_permissions_id_seq', 20, true);


--
-- Name: auth_permission_id_seq; Type: SEQUENCE SET; Schema: public; Owner: rhuser
--

SELECT pg_catalog.setval('public.auth_permission_id_seq', 40, true);


--
-- Name: auth_user_groups_id_seq; Type: SEQUENCE SET; Schema: public; Owner: rhuser
--

SELECT pg_catalog.setval('public.auth_user_groups_id_seq', 10, true);


--
-- Name: auth_user_id_seq; Type: SEQUENCE SET; Schema: public; Owner: rhuser
--

SELECT pg_catalog.setval('public.auth_user_id_seq', 79, true);


--
-- Name: auth_user_user_permissions_id_seq; Type: SEQUENCE SET; Schema: public; Owner: rhuser
--

SELECT pg_catalog.setval('public.auth_user_user_permissions_id_seq', 1, false);


--
-- Name: core_rh_cargo_id_seq; Type: SEQUENCE SET; Schema: public; Owner: rhuser
--

SELECT pg_catalog.setval('public.core_rh_cargo_id_seq', 15, true);


--
-- Name: core_rh_equipe_gestores_id_seq; Type: SEQUENCE SET; Schema: public; Owner: rhuser
--

SELECT pg_catalog.setval('public.core_rh_equipe_gestores_id_seq', 14, true);


--
-- Name: core_rh_equipe_id_seq; Type: SEQUENCE SET; Schema: public; Owner: rhuser
--

SELECT pg_catalog.setval('public.core_rh_equipe_id_seq', 9, true);


--
-- Name: core_rh_funcionario_id_seq; Type: SEQUENCE SET; Schema: public; Owner: rhuser
--

SELECT pg_catalog.setval('public.core_rh_funcionario_id_seq', 77, true);


--
-- Name: core_rh_funcionario_outras_equipes_id_seq; Type: SEQUENCE SET; Schema: public; Owner: rhuser
--

SELECT pg_catalog.setval('public.core_rh_funcionario_outras_equipes_id_seq', 8, true);


--
-- Name: core_rh_registroponto_id_seq; Type: SEQUENCE SET; Schema: public; Owner: rhuser
--

SELECT pg_catalog.setval('public.core_rh_registroponto_id_seq', 1524, true);


--
-- Name: django_admin_log_id_seq; Type: SEQUENCE SET; Schema: public; Owner: rhuser
--

SELECT pg_catalog.setval('public.django_admin_log_id_seq', 80, true);


--
-- Name: django_content_type_id_seq; Type: SEQUENCE SET; Schema: public; Owner: rhuser
--

SELECT pg_catalog.setval('public.django_content_type_id_seq', 10, true);


--
-- Name: django_migrations_id_seq; Type: SEQUENCE SET; Schema: public; Owner: rhuser
--

SELECT pg_catalog.setval('public.django_migrations_id_seq', 26, true);


--
-- Name: auth_group auth_group_name_key; Type: CONSTRAINT; Schema: public; Owner: rhuser
--

ALTER TABLE ONLY public.auth_group
    ADD CONSTRAINT auth_group_name_key UNIQUE (name);


--
-- Name: auth_group_permissions auth_group_permissions_group_id_permission_id_0cd325b0_uniq; Type: CONSTRAINT; Schema: public; Owner: rhuser
--

ALTER TABLE ONLY public.auth_group_permissions
    ADD CONSTRAINT auth_group_permissions_group_id_permission_id_0cd325b0_uniq UNIQUE (group_id, permission_id);


--
-- Name: auth_group_permissions auth_group_permissions_pkey; Type: CONSTRAINT; Schema: public; Owner: rhuser
--

ALTER TABLE ONLY public.auth_group_permissions
    ADD CONSTRAINT auth_group_permissions_pkey PRIMARY KEY (id);


--
-- Name: auth_group auth_group_pkey; Type: CONSTRAINT; Schema: public; Owner: rhuser
--

ALTER TABLE ONLY public.auth_group
    ADD CONSTRAINT auth_group_pkey PRIMARY KEY (id);


--
-- Name: auth_permission auth_permission_content_type_id_codename_01ab375a_uniq; Type: CONSTRAINT; Schema: public; Owner: rhuser
--

ALTER TABLE ONLY public.auth_permission
    ADD CONSTRAINT auth_permission_content_type_id_codename_01ab375a_uniq UNIQUE (content_type_id, codename);


--
-- Name: auth_permission auth_permission_pkey; Type: CONSTRAINT; Schema: public; Owner: rhuser
--

ALTER TABLE ONLY public.auth_permission
    ADD CONSTRAINT auth_permission_pkey PRIMARY KEY (id);


--
-- Name: auth_user_groups auth_user_groups_pkey; Type: CONSTRAINT; Schema: public; Owner: rhuser
--

ALTER TABLE ONLY public.auth_user_groups
    ADD CONSTRAINT auth_user_groups_pkey PRIMARY KEY (id);


--
-- Name: auth_user_groups auth_user_groups_user_id_group_id_94350c0c_uniq; Type: CONSTRAINT; Schema: public; Owner: rhuser
--

ALTER TABLE ONLY public.auth_user_groups
    ADD CONSTRAINT auth_user_groups_user_id_group_id_94350c0c_uniq UNIQUE (user_id, group_id);


--
-- Name: auth_user auth_user_pkey; Type: CONSTRAINT; Schema: public; Owner: rhuser
--

ALTER TABLE ONLY public.auth_user
    ADD CONSTRAINT auth_user_pkey PRIMARY KEY (id);


--
-- Name: auth_user_user_permissions auth_user_user_permissions_pkey; Type: CONSTRAINT; Schema: public; Owner: rhuser
--

ALTER TABLE ONLY public.auth_user_user_permissions
    ADD CONSTRAINT auth_user_user_permissions_pkey PRIMARY KEY (id);


--
-- Name: auth_user_user_permissions auth_user_user_permissions_user_id_permission_id_14a6b632_uniq; Type: CONSTRAINT; Schema: public; Owner: rhuser
--

ALTER TABLE ONLY public.auth_user_user_permissions
    ADD CONSTRAINT auth_user_user_permissions_user_id_permission_id_14a6b632_uniq UNIQUE (user_id, permission_id);


--
-- Name: auth_user auth_user_username_key; Type: CONSTRAINT; Schema: public; Owner: rhuser
--

ALTER TABLE ONLY public.auth_user
    ADD CONSTRAINT auth_user_username_key UNIQUE (username);


--
-- Name: core_rh_cargo core_rh_cargo_pkey; Type: CONSTRAINT; Schema: public; Owner: rhuser
--

ALTER TABLE ONLY public.core_rh_cargo
    ADD CONSTRAINT core_rh_cargo_pkey PRIMARY KEY (id);


--
-- Name: core_rh_cargo core_rh_cargo_titulo_key; Type: CONSTRAINT; Schema: public; Owner: rhuser
--

ALTER TABLE ONLY public.core_rh_cargo
    ADD CONSTRAINT core_rh_cargo_titulo_key UNIQUE (titulo);


--
-- Name: core_rh_equipe_gestores core_rh_equipe_gestores_equipe_id_funcionario_id_db23158f_uniq; Type: CONSTRAINT; Schema: public; Owner: rhuser
--

ALTER TABLE ONLY public.core_rh_equipe_gestores
    ADD CONSTRAINT core_rh_equipe_gestores_equipe_id_funcionario_id_db23158f_uniq UNIQUE (equipe_id, funcionario_id);


--
-- Name: core_rh_equipe_gestores core_rh_equipe_gestores_pkey; Type: CONSTRAINT; Schema: public; Owner: rhuser
--

ALTER TABLE ONLY public.core_rh_equipe_gestores
    ADD CONSTRAINT core_rh_equipe_gestores_pkey PRIMARY KEY (id);


--
-- Name: core_rh_equipe core_rh_equipe_pkey; Type: CONSTRAINT; Schema: public; Owner: rhuser
--

ALTER TABLE ONLY public.core_rh_equipe
    ADD CONSTRAINT core_rh_equipe_pkey PRIMARY KEY (id);


--
-- Name: core_rh_funcionario core_rh_funcionario_cpf_key; Type: CONSTRAINT; Schema: public; Owner: rhuser
--

ALTER TABLE ONLY public.core_rh_funcionario
    ADD CONSTRAINT core_rh_funcionario_cpf_key UNIQUE (cpf);


--
-- Name: core_rh_funcionario core_rh_funcionario_email_key; Type: CONSTRAINT; Schema: public; Owner: rhuser
--

ALTER TABLE ONLY public.core_rh_funcionario
    ADD CONSTRAINT core_rh_funcionario_email_key UNIQUE (email);


--
-- Name: core_rh_funcionario_outras_equipes core_rh_funcionario_outr_funcionario_id_equipe_id_dfa10354_uniq; Type: CONSTRAINT; Schema: public; Owner: rhuser
--

ALTER TABLE ONLY public.core_rh_funcionario_outras_equipes
    ADD CONSTRAINT core_rh_funcionario_outr_funcionario_id_equipe_id_dfa10354_uniq UNIQUE (funcionario_id, equipe_id);


--
-- Name: core_rh_funcionario_outras_equipes core_rh_funcionario_outras_equipes_pkey; Type: CONSTRAINT; Schema: public; Owner: rhuser
--

ALTER TABLE ONLY public.core_rh_funcionario_outras_equipes
    ADD CONSTRAINT core_rh_funcionario_outras_equipes_pkey PRIMARY KEY (id);


--
-- Name: core_rh_funcionario core_rh_funcionario_pkey; Type: CONSTRAINT; Schema: public; Owner: rhuser
--

ALTER TABLE ONLY public.core_rh_funcionario
    ADD CONSTRAINT core_rh_funcionario_pkey PRIMARY KEY (id);


--
-- Name: core_rh_funcionario core_rh_funcionario_usuario_id_key; Type: CONSTRAINT; Schema: public; Owner: rhuser
--

ALTER TABLE ONLY public.core_rh_funcionario
    ADD CONSTRAINT core_rh_funcionario_usuario_id_key UNIQUE (usuario_id);


--
-- Name: core_rh_registroponto core_rh_registroponto_funcionario_id_data_1fb3edc9_uniq; Type: CONSTRAINT; Schema: public; Owner: rhuser
--

ALTER TABLE ONLY public.core_rh_registroponto
    ADD CONSTRAINT core_rh_registroponto_funcionario_id_data_1fb3edc9_uniq UNIQUE (funcionario_id, data);


--
-- Name: core_rh_registroponto core_rh_registroponto_pkey; Type: CONSTRAINT; Schema: public; Owner: rhuser
--

ALTER TABLE ONLY public.core_rh_registroponto
    ADD CONSTRAINT core_rh_registroponto_pkey PRIMARY KEY (id);


--
-- Name: django_admin_log django_admin_log_pkey; Type: CONSTRAINT; Schema: public; Owner: rhuser
--

ALTER TABLE ONLY public.django_admin_log
    ADD CONSTRAINT django_admin_log_pkey PRIMARY KEY (id);


--
-- Name: django_content_type django_content_type_app_label_model_76bd3d3b_uniq; Type: CONSTRAINT; Schema: public; Owner: rhuser
--

ALTER TABLE ONLY public.django_content_type
    ADD CONSTRAINT django_content_type_app_label_model_76bd3d3b_uniq UNIQUE (app_label, model);


--
-- Name: django_content_type django_content_type_pkey; Type: CONSTRAINT; Schema: public; Owner: rhuser
--

ALTER TABLE ONLY public.django_content_type
    ADD CONSTRAINT django_content_type_pkey PRIMARY KEY (id);


--
-- Name: django_migrations django_migrations_pkey; Type: CONSTRAINT; Schema: public; Owner: rhuser
--

ALTER TABLE ONLY public.django_migrations
    ADD CONSTRAINT django_migrations_pkey PRIMARY KEY (id);


--
-- Name: django_session django_session_pkey; Type: CONSTRAINT; Schema: public; Owner: rhuser
--

ALTER TABLE ONLY public.django_session
    ADD CONSTRAINT django_session_pkey PRIMARY KEY (session_key);


--
-- Name: auth_group_name_a6ea08ec_like; Type: INDEX; Schema: public; Owner: rhuser
--

CREATE INDEX auth_group_name_a6ea08ec_like ON public.auth_group USING btree (name varchar_pattern_ops);


--
-- Name: auth_group_permissions_group_id_b120cbf9; Type: INDEX; Schema: public; Owner: rhuser
--

CREATE INDEX auth_group_permissions_group_id_b120cbf9 ON public.auth_group_permissions USING btree (group_id);


--
-- Name: auth_group_permissions_permission_id_84c5c92e; Type: INDEX; Schema: public; Owner: rhuser
--

CREATE INDEX auth_group_permissions_permission_id_84c5c92e ON public.auth_group_permissions USING btree (permission_id);


--
-- Name: auth_permission_content_type_id_2f476e4b; Type: INDEX; Schema: public; Owner: rhuser
--

CREATE INDEX auth_permission_content_type_id_2f476e4b ON public.auth_permission USING btree (content_type_id);


--
-- Name: auth_user_groups_group_id_97559544; Type: INDEX; Schema: public; Owner: rhuser
--

CREATE INDEX auth_user_groups_group_id_97559544 ON public.auth_user_groups USING btree (group_id);


--
-- Name: auth_user_groups_user_id_6a12ed8b; Type: INDEX; Schema: public; Owner: rhuser
--

CREATE INDEX auth_user_groups_user_id_6a12ed8b ON public.auth_user_groups USING btree (user_id);


--
-- Name: auth_user_user_permissions_permission_id_1fbb5f2c; Type: INDEX; Schema: public; Owner: rhuser
--

CREATE INDEX auth_user_user_permissions_permission_id_1fbb5f2c ON public.auth_user_user_permissions USING btree (permission_id);


--
-- Name: auth_user_user_permissions_user_id_a95ead1b; Type: INDEX; Schema: public; Owner: rhuser
--

CREATE INDEX auth_user_user_permissions_user_id_a95ead1b ON public.auth_user_user_permissions USING btree (user_id);


--
-- Name: auth_user_username_6821ab7c_like; Type: INDEX; Schema: public; Owner: rhuser
--

CREATE INDEX auth_user_username_6821ab7c_like ON public.auth_user USING btree (username varchar_pattern_ops);


--
-- Name: core_rh_cargo_titulo_507fefcc_like; Type: INDEX; Schema: public; Owner: rhuser
--

CREATE INDEX core_rh_cargo_titulo_507fefcc_like ON public.core_rh_cargo USING btree (titulo varchar_pattern_ops);


--
-- Name: core_rh_equipe_gestores_equipe_id_ae6dca75; Type: INDEX; Schema: public; Owner: rhuser
--

CREATE INDEX core_rh_equipe_gestores_equipe_id_ae6dca75 ON public.core_rh_equipe_gestores USING btree (equipe_id);


--
-- Name: core_rh_equipe_gestores_funcionario_id_295bb400; Type: INDEX; Schema: public; Owner: rhuser
--

CREATE INDEX core_rh_equipe_gestores_funcionario_id_295bb400 ON public.core_rh_equipe_gestores USING btree (funcionario_id);


--
-- Name: core_rh_funcionario_cargo_id_e2825ccc; Type: INDEX; Schema: public; Owner: rhuser
--

CREATE INDEX core_rh_funcionario_cargo_id_e2825ccc ON public.core_rh_funcionario USING btree (cargo_id);


--
-- Name: core_rh_funcionario_cpf_5d67787a_like; Type: INDEX; Schema: public; Owner: rhuser
--

CREATE INDEX core_rh_funcionario_cpf_5d67787a_like ON public.core_rh_funcionario USING btree (cpf varchar_pattern_ops);


--
-- Name: core_rh_funcionario_email_2e5babd8_like; Type: INDEX; Schema: public; Owner: rhuser
--

CREATE INDEX core_rh_funcionario_email_2e5babd8_like ON public.core_rh_funcionario USING btree (email varchar_pattern_ops);


--
-- Name: core_rh_funcionario_equipe_id_9ac756af; Type: INDEX; Schema: public; Owner: rhuser
--

CREATE INDEX core_rh_funcionario_equipe_id_9ac756af ON public.core_rh_funcionario USING btree (equipe_id);


--
-- Name: core_rh_funcionario_outras_equipes_equipe_id_07395a69; Type: INDEX; Schema: public; Owner: rhuser
--

CREATE INDEX core_rh_funcionario_outras_equipes_equipe_id_07395a69 ON public.core_rh_funcionario_outras_equipes USING btree (equipe_id);


--
-- Name: core_rh_funcionario_outras_equipes_funcionario_id_721d108b; Type: INDEX; Schema: public; Owner: rhuser
--

CREATE INDEX core_rh_funcionario_outras_equipes_funcionario_id_721d108b ON public.core_rh_funcionario_outras_equipes USING btree (funcionario_id);


--
-- Name: core_rh_registroponto_funcionario_id_2476e681; Type: INDEX; Schema: public; Owner: rhuser
--

CREATE INDEX core_rh_registroponto_funcionario_id_2476e681 ON public.core_rh_registroponto USING btree (funcionario_id);


--
-- Name: django_admin_log_content_type_id_c4bce8eb; Type: INDEX; Schema: public; Owner: rhuser
--

CREATE INDEX django_admin_log_content_type_id_c4bce8eb ON public.django_admin_log USING btree (content_type_id);


--
-- Name: django_admin_log_user_id_c564eba6; Type: INDEX; Schema: public; Owner: rhuser
--

CREATE INDEX django_admin_log_user_id_c564eba6 ON public.django_admin_log USING btree (user_id);


--
-- Name: django_session_expire_date_a5c62663; Type: INDEX; Schema: public; Owner: rhuser
--

CREATE INDEX django_session_expire_date_a5c62663 ON public.django_session USING btree (expire_date);


--
-- Name: django_session_session_key_c0390e0f_like; Type: INDEX; Schema: public; Owner: rhuser
--

CREATE INDEX django_session_session_key_c0390e0f_like ON public.django_session USING btree (session_key varchar_pattern_ops);


--
-- Name: auth_group_permissions auth_group_permissio_permission_id_84c5c92e_fk_auth_perm; Type: FK CONSTRAINT; Schema: public; Owner: rhuser
--

ALTER TABLE ONLY public.auth_group_permissions
    ADD CONSTRAINT auth_group_permissio_permission_id_84c5c92e_fk_auth_perm FOREIGN KEY (permission_id) REFERENCES public.auth_permission(id) DEFERRABLE INITIALLY DEFERRED;


--
-- Name: auth_group_permissions auth_group_permissions_group_id_b120cbf9_fk_auth_group_id; Type: FK CONSTRAINT; Schema: public; Owner: rhuser
--

ALTER TABLE ONLY public.auth_group_permissions
    ADD CONSTRAINT auth_group_permissions_group_id_b120cbf9_fk_auth_group_id FOREIGN KEY (group_id) REFERENCES public.auth_group(id) DEFERRABLE INITIALLY DEFERRED;


--
-- Name: auth_permission auth_permission_content_type_id_2f476e4b_fk_django_co; Type: FK CONSTRAINT; Schema: public; Owner: rhuser
--

ALTER TABLE ONLY public.auth_permission
    ADD CONSTRAINT auth_permission_content_type_id_2f476e4b_fk_django_co FOREIGN KEY (content_type_id) REFERENCES public.django_content_type(id) DEFERRABLE INITIALLY DEFERRED;


--
-- Name: auth_user_groups auth_user_groups_group_id_97559544_fk_auth_group_id; Type: FK CONSTRAINT; Schema: public; Owner: rhuser
--

ALTER TABLE ONLY public.auth_user_groups
    ADD CONSTRAINT auth_user_groups_group_id_97559544_fk_auth_group_id FOREIGN KEY (group_id) REFERENCES public.auth_group(id) DEFERRABLE INITIALLY DEFERRED;


--
-- Name: auth_user_groups auth_user_groups_user_id_6a12ed8b_fk_auth_user_id; Type: FK CONSTRAINT; Schema: public; Owner: rhuser
--

ALTER TABLE ONLY public.auth_user_groups
    ADD CONSTRAINT auth_user_groups_user_id_6a12ed8b_fk_auth_user_id FOREIGN KEY (user_id) REFERENCES public.auth_user(id) DEFERRABLE INITIALLY DEFERRED;


--
-- Name: auth_user_user_permissions auth_user_user_permi_permission_id_1fbb5f2c_fk_auth_perm; Type: FK CONSTRAINT; Schema: public; Owner: rhuser
--

ALTER TABLE ONLY public.auth_user_user_permissions
    ADD CONSTRAINT auth_user_user_permi_permission_id_1fbb5f2c_fk_auth_perm FOREIGN KEY (permission_id) REFERENCES public.auth_permission(id) DEFERRABLE INITIALLY DEFERRED;


--
-- Name: auth_user_user_permissions auth_user_user_permissions_user_id_a95ead1b_fk_auth_user_id; Type: FK CONSTRAINT; Schema: public; Owner: rhuser
--

ALTER TABLE ONLY public.auth_user_user_permissions
    ADD CONSTRAINT auth_user_user_permissions_user_id_a95ead1b_fk_auth_user_id FOREIGN KEY (user_id) REFERENCES public.auth_user(id) DEFERRABLE INITIALLY DEFERRED;


--
-- Name: core_rh_equipe_gestores core_rh_equipe_gesto_funcionario_id_295bb400_fk_core_rh_f; Type: FK CONSTRAINT; Schema: public; Owner: rhuser
--

ALTER TABLE ONLY public.core_rh_equipe_gestores
    ADD CONSTRAINT core_rh_equipe_gesto_funcionario_id_295bb400_fk_core_rh_f FOREIGN KEY (funcionario_id) REFERENCES public.core_rh_funcionario(id) DEFERRABLE INITIALLY DEFERRED;


--
-- Name: core_rh_equipe_gestores core_rh_equipe_gestores_equipe_id_ae6dca75_fk_core_rh_equipe_id; Type: FK CONSTRAINT; Schema: public; Owner: rhuser
--

ALTER TABLE ONLY public.core_rh_equipe_gestores
    ADD CONSTRAINT core_rh_equipe_gestores_equipe_id_ae6dca75_fk_core_rh_equipe_id FOREIGN KEY (equipe_id) REFERENCES public.core_rh_equipe(id) DEFERRABLE INITIALLY DEFERRED;


--
-- Name: core_rh_funcionario_outras_equipes core_rh_funcionario__equipe_id_07395a69_fk_core_rh_e; Type: FK CONSTRAINT; Schema: public; Owner: rhuser
--

ALTER TABLE ONLY public.core_rh_funcionario_outras_equipes
    ADD CONSTRAINT core_rh_funcionario__equipe_id_07395a69_fk_core_rh_e FOREIGN KEY (equipe_id) REFERENCES public.core_rh_equipe(id) DEFERRABLE INITIALLY DEFERRED;


--
-- Name: core_rh_funcionario_outras_equipes core_rh_funcionario__funcionario_id_721d108b_fk_core_rh_f; Type: FK CONSTRAINT; Schema: public; Owner: rhuser
--

ALTER TABLE ONLY public.core_rh_funcionario_outras_equipes
    ADD CONSTRAINT core_rh_funcionario__funcionario_id_721d108b_fk_core_rh_f FOREIGN KEY (funcionario_id) REFERENCES public.core_rh_funcionario(id) DEFERRABLE INITIALLY DEFERRED;


--
-- Name: core_rh_funcionario core_rh_funcionario_cargo_id_e2825ccc_fk_core_rh_cargo_id; Type: FK CONSTRAINT; Schema: public; Owner: rhuser
--

ALTER TABLE ONLY public.core_rh_funcionario
    ADD CONSTRAINT core_rh_funcionario_cargo_id_e2825ccc_fk_core_rh_cargo_id FOREIGN KEY (cargo_id) REFERENCES public.core_rh_cargo(id) DEFERRABLE INITIALLY DEFERRED;


--
-- Name: core_rh_funcionario core_rh_funcionario_equipe_id_9ac756af_fk_core_rh_equipe_id; Type: FK CONSTRAINT; Schema: public; Owner: rhuser
--

ALTER TABLE ONLY public.core_rh_funcionario
    ADD CONSTRAINT core_rh_funcionario_equipe_id_9ac756af_fk_core_rh_equipe_id FOREIGN KEY (equipe_id) REFERENCES public.core_rh_equipe(id) DEFERRABLE INITIALLY DEFERRED;


--
-- Name: core_rh_funcionario core_rh_funcionario_usuario_id_c280b147_fk_auth_user_id; Type: FK CONSTRAINT; Schema: public; Owner: rhuser
--

ALTER TABLE ONLY public.core_rh_funcionario
    ADD CONSTRAINT core_rh_funcionario_usuario_id_c280b147_fk_auth_user_id FOREIGN KEY (usuario_id) REFERENCES public.auth_user(id) DEFERRABLE INITIALLY DEFERRED;


--
-- Name: core_rh_registroponto core_rh_registropont_funcionario_id_2476e681_fk_core_rh_f; Type: FK CONSTRAINT; Schema: public; Owner: rhuser
--

ALTER TABLE ONLY public.core_rh_registroponto
    ADD CONSTRAINT core_rh_registropont_funcionario_id_2476e681_fk_core_rh_f FOREIGN KEY (funcionario_id) REFERENCES public.core_rh_funcionario(id) DEFERRABLE INITIALLY DEFERRED;


--
-- Name: django_admin_log django_admin_log_content_type_id_c4bce8eb_fk_django_co; Type: FK CONSTRAINT; Schema: public; Owner: rhuser
--

ALTER TABLE ONLY public.django_admin_log
    ADD CONSTRAINT django_admin_log_content_type_id_c4bce8eb_fk_django_co FOREIGN KEY (content_type_id) REFERENCES public.django_content_type(id) DEFERRABLE INITIALLY DEFERRED;


--
-- Name: django_admin_log django_admin_log_user_id_c564eba6_fk_auth_user_id; Type: FK CONSTRAINT; Schema: public; Owner: rhuser
--

ALTER TABLE ONLY public.django_admin_log
    ADD CONSTRAINT django_admin_log_user_id_c564eba6_fk_auth_user_id FOREIGN KEY (user_id) REFERENCES public.auth_user(id) DEFERRABLE INITIALLY DEFERRED;


--
-- PostgreSQL database dump complete
--

\unrestrict IKCtTqNX3HGHanpZPwNbVOSj1jtfuYcE6Jx90Nv335cyglub1Bk70vpIoau2Wxb

